bead_id;voxels;volume_mm3;eq_diameter_um;feret_mean_um;centroid_z_vox;centroid_y_vox;centroid_x_vox;bbox_z;bbox_y;bbox_x;sphericity;wall_touching
234;287499;4.3672;2028.0023;2113.9078;715.6158;340.8961;210.8486;88;88;84;0.8057;0
43;236551;3.5933;1900.3398;2758.0973;183.9752;155.3327;433.4849;128;94;98;0.2154;1
134;229145;3.4808;1880.2970;1941.4000;443.8030;136.6003;389.7740;80;76;78;0.8548;0
217;226356;3.4384;1872.6373;1933.0068;662.5564;337.6491;388.3150;82;78;75;0.7841;0
187;226323;3.4379;1872.5463;1916.1760;582.2015;192.8859;283.6806;78;78;79;0.8767;0
90;224645;3.4124;1867.9070;1899.8152;313.0781;115.9069;321.7440;77;74;78;0.9041;0
88;219263;3.3307;1852.8693;1919.6562;309.7783;294.7013;153.9055;79;75;78;0.8493;0
138;217557;3.3048;1848.0513;1875.4808;452.6033;376.2891;448.2165;76;74;74;0.9465;0
197;217136;3.2984;1846.8584;1895.3646;594.0969;232.6732;364.7377;77;76;74;0.9084;0
178;216435;3.2877;1844.8688;1884.6232;562.1922;166.9087;184.6103;79;75;75;0.8384;0
212;216231;3.2846;1844.2890;1882.5873;648.1352;451.7519;313.5963;77;69;85;0.6725;0
109;216181;3.2839;1844.1469;1890.4565;374.1967;218.4434;241.1243;78;80;73;0.8064;0
272;214510;3.2585;1839.3830;1885.1764;817.5590;400.3987;368.3364;80;74;78;0.8002;0
111;214182;3.2535;1838.4450;1889.0999;378.5959;155.7709;417.6298;79;79;73;0.8297;0
14;213228;3.2390;1835.7114;1880.8516;107.1098;370.1206;386.8566;76;75;78;0.8581;0
254;213217;3.2388;1835.6798;1867.8169;763.7489;169.6025;333.8752;78;74;75;0.8581;0
171;212855;3.2333;1834.6404;1889.6678;532.6623;444.9934;345.0958;77;76;74;0.8905;0
110;212551;3.2287;1833.7665;1880.2559;369.3188;305.6893;197.6791;74;77;74;0.8892;0
210;211785;3.2171;1831.5610;1899.1408;645.8973;372.4518;236.9006;78;78;77;0.8523;0
220;211529;3.2132;1830.8227;1863.6796;669.7016;248.8355;134.2095;78;74;75;0.8513;0
67;211527;3.2132;1830.8170;1875.4106;247.2973;137.0237;398.4683;77;76;76;0.8849;0
55;211372;3.2108;1830.3697;1867.7739;219.4655;292.3690;219.5832;71;76;80;0.7885;0
58;211295;3.2096;1830.1474;1901.0131;227.2914;417.1219;320.8743;78;76;81;0.7593;0
126;210412;3.1962;1827.5944;1863.6308;411.5031;416.5403;280.4152;74;74;79;0.8151;0
189;208755;3.1711;1822.7843;1872.6093;591.9009;146.1635;397.6558;82;72;72;0.7231;0
227;208584;3.1685;1822.2865;1885.5076;697.6453;274.5437;402.1862;79;75;77;0.8080;0
56;208054;3.1604;1820.7418;2828.2085;221.4247;207.8899;474.5952;140;95;88;0.1448;1
161;207788;3.1564;1819.9655;1879.3701;507.9678;334.3393;223.5060;74;79;79;0.8049;0
48;207786;3.1563;1819.9596;1878.3912;199.8839;179.3762;340.3043;78;76;74;0.8362;0
5;207766;3.1560;1819.9012;1860.6444;70.1780;177.5092;199.8359;72;74;76;0.9039;0
144;207005;3.1445;1817.6766;1856.9578;457.6615;297.1748;185.8535;74;76;75;0.9006;0
86;206926;3.1433;1817.4453;1859.7205;306.8250;293.8584;484.7184;77;75;73;0.8657;0
221;206791;3.1412;1817.0500;1874.6577;666.0183;167.8061;284.1612;72;78;76;0.8322;0
165;206379;3.1350;1815.8424;1873.4579;523.7083;206.1485;233.7494;79;77;73;0.7994;0
3;206282;3.1335;1815.5579;1862.6122;70.4923;303.3838;223.1394;73;75;80;0.7695;0
155;206141;3.1314;1815.1442;1845.0442;492.4512;131.7789;239.2039;76;73;75;0.8969;0
269;206112;3.1309;1815.0590;1840.2765;812.7606;451.1122;297.5185;72;73;74;0.9714;0
125;206033;3.1297;1814.8271;1864.8616;412.0847;201.3857;167.4972;79;72;74;0.7981;0
107;205993;3.1291;1814.7097;1863.3626;359.4338;241.9860;475.6223;75;75;73;0.9325;0
149;204841;3.1116;1811.3204;1858.0697;479.4898;197.4424;364.4023;76;74;76;0.8912;0
9;204807;3.1111;1811.2202;1849.0836;99.3704;280.2182;370.8397;76;74;76;0.8911;0
262;204786;3.1108;1811.1583;1875.0948;778.7968;339.6170;341.8262;69;80;74;0.7639;0
152;204073;3.0999;1809.0539;1839.8962;489.7956;384.9239;342.3736;77;71;79;0.7905;0
226;203710;3.0944;1807.9806;1837.0354;690.4889;315.5815;461.0654;76;73;72;0.8863;0
71;203370;3.0893;1806.9742;1842.2141;258.0659;157.5065;283.8573;73;74;73;0.9585;0
251;203187;3.0865;1806.4321;1848.0621;752.7942;144.6715;202.1159;73;73;78;0.8177;0
21;203090;3.0850;1806.1446;1835.7161;130.2429;258.4690;434.3473;73;73;76;0.8836;0
113;203012;3.0838;1805.9133;1859.4495;383.9797;227.4550;394.9819;75;76;79;0.7864;0
78;202942;3.0828;1805.7057;1832.0084;289.5823;323.2989;220.6014;73;73;74;0.9565;0
128;202526;3.0764;1804.4711;1859.0812;415.4628;204.1971;457.7589;76;77;75;0.8472;0
42;202525;3.0764;1804.4681;1840.4926;176.1604;322.0376;487.1625;74;75;74;0.9168;0
252;202513;3.0762;1804.4325;1855.6429;753.0983;276.7023;248.9779;71;76;77;0.8472;0
207;202505;3.0761;1804.4087;1842.0391;632.0107;186.1065;165.3603;78;72;78;0.8150;0
188;201756;3.0647;1802.1813;1843.6359;579.4497;448.8326;290.7755;74;73;78;0.8120;0
65;200548;3.0464;1798.5773;1854.8176;251.1349;395.7911;443.9247;76;77;73;0.8390;0
201;200134;3.0401;1797.3388;1858.8850;618.5938;325.5030;461.9790;75;77;77;0.8372;0
85;199720;3.0338;1796.0986;1839.1607;298.5880;443.2542;364.9232;73;75;74;0.9041;0
93;199679;3.0332;1795.9757;1850.2547;316.9564;394.3831;196.4917;79;75;73;0.7735;0
73;199550;3.0312;1795.5889;1890.4114;269.6663;271.1907;428.2636;75;83;71;0.6665;0
16;199377;3.0286;1795.0698;1844.4146;107.4864;227.8721;313.1481;74;77;74;0.8341;0
33;199219;3.0262;1794.5955;1826.0203;173.8873;259.8257;161.6975;74;73;76;0.8667;0
253;199195;3.0258;1794.5235;1825.8408;757.3163;117.8941;270.5509;73;70;77;0.8333;0
140;198150;3.0100;1791.3799;1825.5737;447.4484;116.4702;294.2611;74;74;73;0.9339;0
25;198012;3.0079;1790.9639;1839.7013;138.7416;154.4256;220.0941;76;76;72;0.8615;0
30;197821;3.0050;1790.3879;1843.9926;164.4020;186.3299;277.1935;73;73;77;0.8276;0
106;197439;2.9992;1789.2347;1837.9173;351.3140;449.8645;315.8290;77;73;76;0.8260;0
12;197432;2.9991;1789.2135;1835.3382;103.0552;241.0894;237.7471;73;78;73;0.7946;0
96;197341;2.9977;1788.9386;1843.3543;324.4010;130.1079;246.9141;74;77;71;0.8256;0
186;197184;2.9953;1788.4641;1824.9730;575.9019;358.2218;222.6724;76;74;75;0.8579;0
57;196790;2.9893;1787.2721;1823.4410;226.7622;437.3356;389.4944;74;69;78;0.7920;0
158;196690;2.9878;1786.9693;1840.8608;500.7522;181.2667;296.6845;76;76;76;0.8557;0
157;196662;2.9874;1786.8845;1838.6290;491.3692;318.5323;471.1129;74;76;72;0.8556;0
163;196636;2.9870;1786.8057;1826.4262;517.1218;414.3819;407.5679;78;75;75;0.7914;0
105;196386;2.9832;1786.0482;1834.7311;356.2780;377.4145;324.4304;76;74;73;0.8544;0
213;196366;2.9829;1785.9875;1828.5602;648.2176;402.5363;415.6767;76;76;75;0.8543;0
102;196028;2.9777;1784.9622;1837.9983;345.9502;352.6150;390.3918;72;77;71;0.8201;0
241;195790;2.9741;1784.2396;1813.3359;721.2707;227.0153;452.3185;73;72;72;0.9612;0
214;195724;2.9731;1784.0390;1834.3512;649.5192;222.5576;452.0918;75;73;75;0.8861;0
278;195604;2.9713;1783.6744;1814.3256;821.2540;132.8902;361.0160;73;72;72;0.9603;0
146;195104;2.9637;1782.1533;1820.0841;467.0281;432.5615;235.6892;76;72;77;0.8162;0
223;194742;2.9582;1781.0504;1805.5767;681.6457;167.6820;418.3179;73;72;74;0.9178;0
118;194614;2.9563;1780.6601;1832.5315;385.5561;114.9963;343.3620;76;73;72;0.8467;0
162;194603;2.9561;1780.6265;1815.9557;515.7582;146.1180;400.8719;74;72;76;0.8467;0
280;194474;2.9541;1780.2330;1821.5067;824.4623;282.4308;349.9620;71;74;74;0.9166;0
229;193974;2.9465;1778.7060;1810.2842;705.0899;183.8073;160.5132;73;73;74;0.9142;0
91;193230;2.9352;1776.4290;1806.0050;311.6961;232.0453;385.4302;73;71;74;0.9107;0
249;193222;2.9351;1776.4044;1812.2363;754.2304;170.6452;417.0440;72;74;71;0.9107;0
114;193160;2.9342;1776.2144;1823.0415;378.0131;330.3074;276.4688;75;73;71;0.8744;0
256;192799;2.9287;1775.1072;1824.9160;760.4215;189.3872;263.5948;72;73;78;0.7759;0
36;192670;2.9267;1774.7112;1827.5372;175.4994;346.0077;245.9735;74;74;72;0.9081;0
92;192165;2.9191;1773.1593;1839.7149;319.2725;409.5189;426.4095;77;76;76;0.8039;0
47;191989;2.9164;1772.6178;1800.8236;190.6397;331.7993;164.5091;73;73;70;0.9426;0
19;191924;2.9154;1772.4177;1824.5752;124.7000;361.9232;182.3595;72;78;72;0.7724;0
164;191848;2.9142;1772.1838;1806.9715;518.8204;114.5834;310.0663;75;73;73;0.8685;0
276;191529;2.9094;1771.2010;1814.4667;818.1445;154.5151;287.0683;71;71;76;0.8333;0
112;191432;2.9079;1770.9019;1821.4147;375.5117;314.6793;479.6046;75;77;71;0.8008;0
230;190725;2.8972;1768.7191;1819.2877;700.1292;202.7070;228.5123;74;73;75;0.8634;0
40;190657;2.8961;1768.5089;1813.1489;172.5250;119.4787;370.6037;71;73;77;0.7976;0
132;190042;2.8868;1766.6053;1809.5289;422.2066;347.0812;226.2360;71;75;75;0.8603;0
239;189773;2.8827;1765.7714;1824.1614;715.0082;268.6443;186.6423;75;71;72;0.8591;0
61;189769;2.8827;1765.7590;1820.2945;235.7365;266.4651;366.4699;72;73;75;0.8591;0
45;189619;2.8804;1765.2936;1809.7515;196.3103;191.1201;183.5736;75;71;72;0.8584;0
238;189341;2.8762;1764.4305;1793.9546;716.9065;390.2493;425.4231;72;73;72;0.9296;0
209;189254;2.8748;1764.1602;1815.6221;634.3213;388.4928;344.6407;72;71;78;0.7617;0
37;189063;2.8719;1763.5665;1805.1045;175.6681;383.5409;374.9345;74;76;72;0.8226;0
130;188772;2.8675;1762.6612;1815.6282;418.1058;277.4519;243.8604;74;72;73;0.8897;0
87;188732;2.8669;1762.5367;1801.4827;303.8859;202.2502;252.9328;73;77;69;0.7895;0
11;188701;2.8664;1762.4402;1812.3743;96.7134;117.3361;296.8895;64;74;73;0.8894;0
137;188529;2.8638;1761.9046;1816.2018;441.7358;311.1309;302.2280;73;75;72;0.8535;0
29;188209;2.8590;1760.9072;1799.6268;162.2235;326.5997;415.9911;71;74;73;0.8870;0
236;187868;2.8538;1759.8430;1806.8100;709.1844;378.3521;346.6591;70;73;73;0.9223;0
154;187826;2.8531;1759.7119;1793.7661;489.8811;172.8949;180.6387;72;72;72;0.9611;0
267;187774;2.8524;1759.5495;1787.1247;809.0484;419.6498;189.8504;72;72;71;0.9608;0
121;187714;2.8514;1759.3620;1810.4153;396.6466;312.3189;358.6316;74;72;75;0.8498;0
247;187638;2.8503;1759.1246;1806.1396;747.2241;449.2902;260.1169;72;72;77;0.7850;0
148;187578;2.8494;1758.9370;1804.8196;468.7784;371.0393;274.7978;75;73;72;0.8492;0
89;187525;2.8486;1758.7714;1788.0633;307.9021;160.3486;430.1135;72;72;72;0.9595;0
190;187498;2.8482;1758.6870;1804.1415;586.0057;425.6516;390.9121;79;70;72;0.7263;0
75;187460;2.8476;1758.5681;1803.4590;265.3874;207.4285;336.8731;75;71;76;0.8156;0
270;187362;2.8461;1758.2616;1789.4496;811.9719;270.4503;211.8015;70;72;72;0.9587;0
82;187357;2.8460;1758.2460;1803.7634;291.1771;241.1620;199.6914;71;73;76;0.8151;0
13;187339;2.8457;1758.1897;1786.3441;105.6865;355.6330;257.0294;72;70;73;0.9197;0
255;187039;2.8412;1757.2507;1814.0883;762.9117;320.7138;457.2723;76;72;73;0.8138;0
177;186955;2.8399;1756.9876;1814.4667;551.8041;173.3411;346.4349;76;73;72;0.8134;0
18;186613;2.8347;1755.9156;1798.1713;105.4566;205.0383;387.5401;65;73;72;0.9162;0
268;186587;2.8343;1755.8340;1779.8798;810.9707;345.7978;210.6119;70;71;73;0.9160;0
116;186527;2.8334;1755.6458;1814.1016;378.8859;378.7641;451.1052;76;72;73;0.8115;0
176;186455;2.8323;1755.4199;1803.3708;533.7740;221.4050;405.0975;70;72;76;0.8112;0
231;186436;2.8320;1755.3602;1810.0430;699.5353;399.0822;280.2579;75;72;73;0.8440;0
100;186179;2.8281;1754.5533;1794.9125;340.4981;168.5831;362.2456;72;73;72;0.9140;0
191;186098;2.8269;1754.2988;1794.9087;590.3064;116.5246;311.4656;71;70;76;0.8097;0
70;185948;2.8246;1753.8273;1787.4244;252.3423;415.8864;218.9434;76;69;71;0.8090;0
200;185933;2.8244;1753.7802;1788.9208;607.5491;433.2990;227.6585;74;71;74;0.8763;0
218;185809;2.8225;1753.3902;1798.2376;664.7412;243.4814;347.2403;74;74;70;0.8757;0
215;185807;2.8225;1753.3839;1797.1482;655.3156;308.8159;186.4302;72;75;73;0.8412;0
108;185645;2.8200;1752.8742;1803.5723;363.3259;162.9094;296.3279;73;72;73;0.9114;0
99;185633;2.8198;1752.8364;1796.4024;340.2949;286.3874;421.6026;72;72;72;0.9499;0
169;185581;2.8190;1752.6727;1793.3244;526.9877;300.4675;138.0249;73;72;75;0.8401;0
160;185558;2.8187;1752.6003;1794.7319;506.3715;394.2133;180.9536;73;72;73;0.9110;0
195;185477;2.8175;1752.3453;1803.2941;590.7840;225.2406;215.8354;77;74;71;0.7759;0
168;185340;2.8154;1751.9137;1798.2994;531.5910;221.4898;148.9123;77;70;71;0.7754;0
194;185133;2.8122;1751.2613;1799.0290;591.3909;353.1266;400.7257;75;72;78;0.7451;0
271;185128;2.8122;1751.2455;1787.2859;814.1824;297.5808;281.3361;76;72;73;0.8054;0
103;184966;2.8097;1750.7345;1798.9276;348.2060;232.6523;154.8594;74;76;68;0.8047;0
49;184946;2.8094;1750.6714;1804.0695;196.4728;435.6932;257.4130;74;70;76;0.8046;0
250;184823;2.8075;1750.2832;1787.5577;751.2379;429.3559;377.9579;73;68;76;0.8041;0
167;184797;2.8071;1750.2012;1798.1654;521.9196;246.8693;469.8476;72;74;73;0.8710;0
196;184579;2.8038;1749.5127;1805.4244;588.4680;297.4233;172.9904;72;76;72;0.8031;0
244;184324;2.7999;1748.7066;1782.9736;741.5076;237.0304;130.8858;72;72;70;0.9432;0
4;184306;2.7997;1748.6497;1792.9069;69.4358;396.4192;211.1748;75;73;72;0.8344;0
60;183980;2.7947;1747.6181;1785.1505;231.2226;113.9103;331.9866;70;74;74;0.8671;0
159;183945;2.7942;1747.5073;1790.2266;494.3728;294.8020;346.7777;71;72;73;0.9031;0
7;183847;2.7927;1747.1969;1778.8145;82.3884;291.2769;294.3722;68;72;75;0.8323;0
133;183832;2.7925;1747.1494;1798.6002;429.0525;183.2916;278.1174;78;72;71;0.7398;0
166;183736;2.7910;1746.8452;1784.8117;522.8716;343.6504;389.8028;73;73;72;0.9020;0
180;183698;2.7904;1746.7247;1785.8230;560.2367;289.7834;415.3481;72;75;73;0.8316;0
282;183425;2.7863;1745.8590;1796.1203;826.8839;290.6943;455.5558;70;73;70;0.9005;0
225;183041;2.7805;1744.6398;1777.0620;683.1086;131.3386;226.8341;75;71;70;0.8286;0
151;182930;2.7788;1744.2871;1780.6933;484.9814;190.2067;447.5289;74;71;72;0.8622;0
120;182801;2.7768;1743.8770;1777.1844;396.1970;242.2629;318.0998;73;72;71;0.8975;0
32;182794;2.7767;1743.8547;1798.2901;163.1437;260.5279;344.0265;72;73;76;0.7953;0
117;182708;2.7754;1743.5812;1795.8220;378.3801;152.8514;207.2806;76;74;70;0.7949;0
62;182384;2.7705;1742.5500;1779.3155;236.8144;279.3450;489.9840;73;75;68;0.8257;0
185;182348;2.7699;1742.4353;1785.1069;569.3566;263.8317;271.7214;71;71;72;0.9330;0
95;182122;2.7665;1741.7152;1781.5944;319.9324;371.4738;263.5260;70;70;77;0.7619;0
64;182015;2.7649;1741.3740;1775.2506;243.9774;264.7334;155.7636;73;72;72;0.8936;0
80;181944;2.7638;1741.1475;1778.8359;288.6100;445.6093;282.2782;73;70;70;0.8932;0
202;181863;2.7626;1740.8891;1786.0324;625.2383;170.2805;342.3282;72;73;69;0.8928;0
77;181596;2.7585;1740.0367;1776.5646;285.0470;321.6598;300.8684;71;73;73;0.8915;0
277;181532;2.7575;1739.8323;1772.7229;824.9826;176.1517;416.8065;68;71;74;0.8556;0
192;181267;2.7535;1738.9853;1781.9598;584.8239;196.7704;446.0769;75;71;71;0.8206;0
182;181234;2.7530;1738.8798;1796.1883;561.6631;378.7669;340.6991;71;75;77;0.7582;0
135;181145;2.7517;1738.5951;1810.0165;446.4211;363.3467;161.1658;76;73;75;0.7881;0
31;181028;2.7499;1738.2207;1768.9296;163.2742;449.2280;319.0180;74;70;73;0.8532;0
76;180892;2.7478;1737.7853;1786.8553;267.4859;263.1412;263.2794;73;77;72;0.7567;0
79;180829;2.7469;1737.5835;1769.6332;295.2137;216.0747;471.8364;72;70;71;0.9253;0
224;180767;2.7459;1737.3849;1766.8402;684.0947;286.0314;263.8178;74;72;69;0.8520;0
261;180752;2.7457;1737.3369;1775.0044;770.3093;308.0825;167.0984;70;71;71;0.9645;0
184;180638;2.7440;1736.9715;1787.9469;561.5873;360.9758;153.3069;72;76;71;0.7859;0
74;180179;2.7370;1735.4991;1809.4045;264.4633;151.4147;213.8945;80;74;72;0.6721;0
265;180113;2.7360;1735.2871;1776.8203;792.0023;228.9831;450.4253;70;75;69;0.8154;0
28;180085;2.7356;1735.1972;1779.8937;154.0777;285.7313;279.1391;73;71;72;0.8841;0
266;180020;2.7346;1734.9884;1761.3713;805.0637;362.6014;140.8507;72;68;73;0.8838;0
257;179600;2.7282;1733.6381;1783.2535;764.5131;258.3249;317.4905;75;68;73;0.8131;0
170;179011;2.7192;1731.7408;1779.0064;527.8645;316.5345;289.4529;68;74;72;0.8437;0
173;178865;2.7170;1731.2699;1764.3783;537.2058;434.8840;229.4215;71;71;71;0.9544;0
172;178670;2.7141;1730.6405;1777.4232;533.9912;236.2111;327.0432;74;71;71;0.8421;0
101;178514;2.7117;1730.1367;1761.3298;342.8917;287.9596;320.2941;71;70;72;0.9134;0
23;178500;2.7115;1730.0915;1769.1619;132.6165;327.0888;328.8238;73;72;71;0.8763;0
83;178045;2.7046;1728.6202;1768.8419;296.0742;341.8579;434.9874;69;74;71;0.8391;0
156;177938;2.7029;1728.2739;1768.3003;492.1050;276.7836;414.7335;72;70;73;0.8736;0
233;177846;2.7015;1727.9760;1765.5863;707.1444;220.8869;297.1270;69;69;74;0.8382;0
22;177835;2.7014;1727.9403;1769.8942;131.6295;419.6955;232.9277;78;69;71;0.7157;0
84;177588;2.6976;1727.1400;1768.2455;295.8734;303.4752;369.8298;70;70;73;0.8719;0
219;177323;2.6936;1726.2804;1764.7971;665.3870;342.7350;302.6687;77;69;70;0.7418;0
208;177157;2.6911;1725.7416;1751.9284;630.9719;365.1855;151.2005;70;71;70;0.9453;0
44;176993;2.6886;1725.2089;1762.5846;182.3177;383.9936;451.0418;73;70;69;0.8689;0
232;176979;2.6884;1725.1634;1764.2737;705.6178;316.9864;135.9776;70;75;68;0.8012;0
35;176618;2.6829;1723.9896;1768.1581;173.3853;238.3859;230.2346;73;73;72;0.8671;0
260;176198;2.6765;1722.6220;1761.6061;764.6016;220.9183;199.7410;71;69;72;0.9016;0
142;176034;2.6740;1722.0874;1754.2634;453.8145;220.5476;220.9059;71;71;69;0.9393;0
199;175939;2.6726;1721.7775;1792.1074;598.3959;358.2523;288.3296;77;72;71;0.7360;0
131;175750;2.6697;1721.1608;1757.5370;419.2538;379.8422;357.3764;74;72;69;0.8283;0
119;175729;2.6694;1721.0922;1763.4903;382.7019;426.1949;399.2337;69;72;74;0.8282;0
66;175467;2.6654;1720.2364;1766.5880;243.8008;366.5989;267.0895;70;74;70;0.8270;0
211;175359;2.6638;1719.8834;1755.4333;639.9129;233.9512;266.1257;69;72;73;0.8609;0
26;174853;2.6561;1718.2276;1756.5706;139.7943;427.0925;415.1760;68;69;73;0.8584;0
72;174691;2.6536;1717.6968;1745.7157;256.3348;363.2641;172.5819;70;71;68;0.9322;0
181;174395;2.6491;1716.7261;1758.7260;562.7091;125.2634;246.7848;72;69;74;0.8219;0
204;174264;2.6471;1716.2961;1758.5535;619.8983;306.8484;247.8401;73;69;74;0.8213;0
20;173916;2.6418;1715.1529;1763.7062;128.6873;209.9691;177.0774;74;74;70;0.8197;0
275;173794;2.6400;1714.7517;1744.6853;816.4116;227.9421;280.8348;70;70;70;0.9677;0
206;173790;2.6399;1714.7386;1753.4273;622.8299;289.7628;315.1249;71;71;71;0.9274;0
258;173759;2.6395;1714.6366;1761.7395;764.3486;384.2535;244.6995;71;70;72;0.8891;0
52;173720;2.6389;1714.5083;1765.9292;202.3447;137.4136;242.8441;77;68;72;0.7267;0
193;173684;2.6383;1714.3899;1774.8897;591.9500;260.5804;469.0080;71;75;71;0.7863;0
123;173645;2.6377;1714.2616;1749.2585;405.2685;275.9440;143.3932;74;69;68;0.8184;0
243;173489;2.6354;1713.7481;1768.1833;736.1597;331.0213;393.0741;70;73;73;0.8517;0
242;173412;2.6342;1713.4945;1751.9866;733.1116;336.6887;284.9046;71;67;74;0.8173;0
17;173234;2.6315;1712.9080;1762.5306;109.6096;391.4374;317.3354;70;74;73;0.8165;0
237;173201;2.6310;1712.7992;1754.2089;710.3508;298.7926;337.1635;70;69;72;0.8862;0
153;173117;2.6297;1712.5223;1761.1968;489.6576;270.6884;251.2203;72;71;70;0.8858;0
136;173083;2.6292;1712.4102;1761.1153;440.4125;257.1885;370.6593;71;68;72;0.8856;0
150;172791;2.6248;1711.4467;1749.0981;473.2751;451.5058;303.9118;70;68;75;0.7822;0
139;172342;2.6179;1709.9630;1742.2033;450.4902;427.1087;397.0910;71;70;70;0.9196;0
273;172275;2.6169;1709.7413;1752.9184;813.4741;176.8056;219.4323;70;69;73;0.8458;0
104;172273;2.6169;1709.7347;1746.0174;347.5668;436.1111;246.4026;71;69;71;0.9193;0
183;172074;2.6139;1709.0761;1744.5078;563.7268;302.5235;347.6482;71;70;71;0.9182;0
203;171819;2.6100;1708.2315;1752.1907;619.6198;161.6180;230.6611;72;70;72;0.8792;0
127;171786;2.6095;1708.1221;1761.7787;412.7533;179.8916;344.7290;73;74;71;0.8096;0
68;171773;2.6093;1708.0790;1744.1587;245.5429;208.3606;404.3749;68;69;75;0.7776;0
263;171566;2.6061;1707.3926;1755.0263;785.7619;382.0351;429.0366;70;73;72;0.8423;0
54;171345;2.6028;1706.6592;1767.2520;219.8921;305.0327;291.1513;72;75;76;0.7455;0
228;171262;2.6015;1706.3836;1750.5969;693.8094;179.2435;351.1252;73;75;69;0.7753;0
143;171248;2.6013;1706.3371;1744.3981;454.8580;330.6541;392.1080;72;69;70;0.8763;0
24;170816;2.5948;1704.9010;1750.9281;132.0748;165.9040;336.5664;67;72;75;0.7733;0
279;170597;2.5914;1704.1721;1736.0138;819.3496;210.4134;355.9485;70;72;68;0.8729;0
274;170528;2.5904;1703.9423;1739.5632;815.4052;366.4416;287.9328;70;70;67;0.9495;0
115;170397;2.5884;1703.5059;1745.7531;377.2128;369.9895;168.8545;73;71;69;0.8366;0
264;170183;2.5851;1702.7925;1741.6638;781.5280;277.7731;403.9143;70;69;69;0.9476;0
179;170049;2.5831;1702.3454;1739.0203;553.2190;348.2428;459.2950;71;71;69;0.9074;0
27;169948;2.5816;1702.0083;1763.9382;142.0045;298.0519;211.0862;69;74;73;0.8010;0
248;169864;2.5803;1701.7279;1740.2468;745.9904;224.9521;375.4468;68;69;71;0.9064;0
15;169775;2.5789;1701.4306;1738.1652;104.9246;447.9684;358.2553;69;68;73;0.8335;0
129;169661;2.5772;1701.0497;1763.0504;416.3150;448.7653;343.4178;73;69;75;0.7681;0
1;169512;2.5749;1700.5516;1750.9370;37.8970;279.3374;165.2399;64;69;73;0.8322;1
97;169342;2.5724;1699.9829;1740.0162;329.9162;220.9804;316.2785;74;71;70;0.7981;0
259;169128;2.5691;1699.2665;1752.8231;762.6187;403.9342;311.6768;68;71;77;0.7075;0
235;168499;2.5596;1697.1573;1725.5430;708.7510;118.1939;322.9958;68;72;69;0.8622;0
145;168320;2.5568;1696.5561;1743.9709;466.1841;241.1473;309.1867;73;69;72;0.8264;0
69;168247;2.5557;1696.3108;1738.7132;251.4038;354.7377;384.3742;70;69;70;0.9368;0
122;168139;2.5541;1695.9478;1746.3745;402.3904;417.9212;210.9086;74;69;69;0.7925;0
147;167962;2.5514;1695.3525;1735.6765;466.3895;241.2977;144.9490;73;70;69;0.8246;0
174;167501;2.5444;1693.8000;1741.7971;532.5705;267.7991;199.4258;73;69;69;0.8223;0
50;167460;2.5438;1693.6618;1750.5220;197.2145;321.8108;354.4980;71;72;74;0.7893;0
53;167016;2.5370;1692.1636;1734.3193;213.9496;235.7068;298.6846;68;70;71;0.8912;0
141;166798;2.5337;1691.4271;1722.8682;448.4188;263.3086;476.6906;67;71;70;0.8901;0
59;166117;2.5234;1689.1220;1754.6779;229.2147;328.5658;441.8654;71;75;72;0.7520;0
124;166076;2.5228;1688.9830;1722.7829;410.0912;290.3327;423.1926;69;68;72;0.8498;0
281;166064;2.5226;1688.9424;1721.1977;822.0886;331.9584;399.8395;68;68;69;0.9654;0
81;166013;2.5218;1688.7694;1725.0665;288.2013;381.9350;333.9454;70;71;70;0.8859;0
34;165611;2.5157;1687.4052;1719.4762;173.6551;216.8400;393.7918;71;69;66;0.8837;0
198;165545;2.5147;1687.1810;1724.6905;598.7756;239.3099;137.9733;72;70;68;0.8471;0
98;163318;2.4809;1679.5812;1719.9405;334.8825;279.1583;252.6913;70;69;69;0.9094;0
38;162654;2.4708;1677.3019;1708.5244;168.0804;117.6431;299.4836;65;68;73;0.7985;0
8;162614;2.4702;1677.1644;1724.4524;83.6510;180.6697;267.8869;67;74;69;0.7664;0
41;162434;2.4674;1676.5454;1723.2671;173.3133;253.7182;491.2605;73;66;73;0.7975;0
10;162196;2.4638;1675.7261;1718.3422;105.1270;272.3657;160.6040;71;71;67;0.8655;0
205;160415;2.4368;1669.5701;1715.8630;625.9118;276.9116;410.7336;70;72;70;0.8208;0
51;160134;2.4325;1668.5946;1720.5328;199.6519;268.9647;429.7969;69;71;72;0.8194;0
222;159964;2.4299;1668.0040;1705.3571;675.9740;432.1352;215.3365;73;67;66;0.7853;0
246;159659;2.4253;1666.9432;1706.0009;738.9356;375.6053;149.5792;69;70;68;0.8890;0
2;159074;2.4164;1664.9048;1702.4249;41.7280;345.4576;175.0325;64;69;68;0.9248;0
240;158974;2.4149;1664.5558;1701.7165;716.6700;452.0469;321.4882;68;68;73;0.7805;0
94;158652;2.4100;1663.4312;1719.0617;318.4734;180.6274;185.3954;73;67;68;0.7789;0
6;157888;2.3984;1660.7568;1738.4687;65.7671;339.2098;339.6229;55;76;66;0.6869;0
245;157689;2.3954;1660.0588;1703.9262;740.8973;424.0762;195.6876;72;68;72;0.8069;0
175;157644;2.3947;1659.9008;1716.6454;535.6574;385.4737;276.5831;68;72;71;0.8066;0
63;157591;2.3939;1659.7148;1714.6729;233.7289;207.3583;240.1918;70;68;71;0.8409;0
46;153942;2.3384;1646.8045;1669.5046;186.9236;393.4980;197.2240;67;67;67;0.9775;0
39;149823;2.2759;1631.9837;1663.3355;174.8127;379.6121;306.1059;65;68;71;0.7995;0
216;134555;2.0439;1574.5493;1620.7040;654.1072;242.1649;200.8756;69;66;69;0.7823;0
