bead_id;zpos_vox;ypos_vox;xpos_vox;zdisp_vox;ydisp_vox;xdisp_vox;disp_mag_vox;zdisp_um;ydisp_um;xdisp_um;disp_mag_um;rot_deg;error;iterations;returnStatus;valid
1;47.90;279.34;165.24;-10.231;22.872;29.146;38.436;-253.37;566.45;721.84;951.90;47.745;2939.83;50;1;1
2;51.73;345.46;175.03;-15.105;-39.416;20.872;47.089;-374.08;-976.18;516.92;1166.22;72.137;3019.30;50;1;1
3;80.49;303.38;223.14;-41.335;-0.784;-25.201;48.418;-1023.70;-19.41;-624.13;1199.12;27.867;3182.95;50;1;1
4;79.44;396.42;211.17;-119.746;25.987;-55.253;134.415;-2965.64;643.60;-1368.39;3328.93;99.339;30372.21;50;1;0
5;80.18;177.51;199.84;5.078;-12.157;0.478;13.183;125.75;-301.07;11.85;326.49;141.590;2459.89;50;1;1
6;75.77;339.21;339.62;-35.088;25.469;19.873;47.694;-868.98;630.77;492.16;1181.19;27.082;1936.98;50;1;1
7;92.39;291.28;294.37;-27.427;-42.076;35.224;61.346;-679.25;-1042.06;872.36;1519.30;40.641;1711.25;50;1;1
8;93.65;180.67;267.89;-8.334;8.836;7.907;14.493;-206.40;218.84;195.82;358.94;52.651;5417.04;50;1;1
9;109.37;280.22;370.84;0.707;12.339;-14.197;18.823;17.51;305.59;-351.60;466.18;75.166;2893.63;50;1;1
10;115.13;272.37;160.60;-25.750;-0.699;3.280;25.967;-637.72;-17.31;81.24;643.11;20.134;278.11;50;1;1
11;106.71;117.34;296.89;-5.161;20.351;-31.561;37.907;-127.81;504.01;-781.65;938.79;57.243;1044.07;50;1;1
12;113.06;241.09;237.75;-34.844;15.622;-9.000;39.232;-862.94;386.89;-222.90;971.62;14.239;437.42;50;1;1
13;115.69;355.63;257.03;-57.426;-10.987;-7.529;58.951;-1422.22;-272.11;-186.47;1459.97;33.728;638.86;50;1;1
14;117.11;370.12;386.86;-11.971;-5.701;-10.638;17.000;-296.48;-141.20;-263.46;421.01;67.305;1603.83;50;1;1
15;114.92;447.97;358.26;-40.439;-5.449;-3.066;40.920;-1001.51;-134.96;-75.93;1013.41;37.891;4660.66;50;1;1
16;117.49;227.87;313.15;9.926;22.634;-12.510;27.701;245.82;560.57;-309.81;686.04;44.182;1152.03;50;1;1
17;119.61;391.44;317.34;-27.981;-14.167;-8.501;32.495;-692.97;-350.87;-210.54;804.77;33.332;462.59;50;1;1
18;115.46;205.04;387.54;-16.323;31.911;7.079;36.536;-404.25;790.30;175.31;904.84;39.879;500.07;50;1;1
19;134.70;361.92;182.36;-30.075;-28.533;14.172;43.812;-744.84;-706.65;350.99;1085.05;49.042;353.56;50;1;1
20;138.69;209.97;177.08;-13.326;3.170;-15.682;20.822;-330.03;78.52;-388.38;515.67;22.034;549.46;50;1;1
21;140.24;258.47;434.35;-40.935;-5.211;6.310;41.745;-1013.80;-129.07;156.27;1033.86;15.624;4243.36;50;1;1
22;141.63;419.70;232.93;19.351;7.931;27.745;34.744;479.25;196.43;687.13;860.47;38.531;1013.79;50;1;1
23;142.62;327.09;328.82;-31.822;-30.082;24.105;49.986;-788.09;-745.00;596.98;1237.94;44.096;344.28;50;1;1
24;142.07;165.90;336.57;-49.014;5.673;-18.497;52.694;-1213.88;140.51;-458.10;1305.03;59.819;1387.78;50;1;1
25;148.74;154.43;220.09;-56.966;10.043;-22.320;62.001;-1410.82;248.73;-552.78;1535.53;46.856;477.46;50;1;1
26;149.79;427.09;415.18;-28.804;5.701;-29.634;41.717;-713.35;141.18;-733.91;1033.16;22.344;360.29;50;1;1
27;152.00;298.05;211.09;-47.065;36.028;-14.655;61.056;-1165.60;892.28;-362.94;1512.12;13.305;647.89;50;1;1
28;164.08;285.73;279.14;-29.035;-7.817;15.383;33.775;-719.08;-193.60;380.97;836.48;26.676;3198.36;50;1;1
29;172.22;326.60;415.99;-20.268;3.952;7.152;21.853;-501.96;97.87;177.12;541.22;16.978;453.35;50;1;1
30;174.40;186.33;277.19;-56.804;9.396;-25.395;62.928;-1406.81;232.70;-628.93;1558.47;24.174;1775.61;50;1;1
31;173.27;449.23;319.02;-14.894;15.252;5.886;22.116;-368.88;377.72;145.77;547.71;24.648;293.05;50;1;1
32;173.14;260.53;344.03;-43.019;-9.267;-40.940;60.105;-1065.42;-229.51;-1013.93;1488.57;22.991;947.13;50;1;1
33;183.89;259.83;161.70;-21.307;25.212;-3.633;33.209;-527.70;624.40;-89.96;822.46;18.420;850.45;50;1;1
34;183.66;216.84;393.79;-28.837;-5.620;-37.770;47.851;-714.17;-139.19;-935.42;1185.08;20.399;624.30;50;1;1
35;183.39;238.39;230.23;-31.315;12.627;-11.689;35.731;-775.54;312.72;-289.50;884.91;15.384;237.55;50;1;1
36;185.50;346.01;245.97;-13.296;-25.325;-27.767;39.865;-329.29;-627.21;-687.69;987.29;38.629;273.84;50;1;1
37;185.67;383.54;374.93;-32.888;13.402;-38.617;52.464;-814.49;331.91;-956.39;1299.33;25.566;1464.52;50;1;1
38;178.08;117.64;299.48;-22.038;-1.169;13.040;25.633;-545.79;-28.95;322.94;634.83;28.220;3259.50;50;1;1
39;184.81;379.61;306.11;-33.550;16.831;29.248;47.585;-830.90;416.84;724.35;1178.48;38.111;385.23;50;1;1
40;182.52;119.48;370.60;-31.462;19.760;-38.623;53.591;-779.18;489.39;-956.53;1327.24;32.177;552.63;50;1;1
41;183.31;253.72;491.26;-24.519;-1.020;29.482;38.360;-607.25;-25.26;730.16;950.01;18.810;617.16;50;1;1
42;186.16;322.04;487.16;-31.756;-3.365;17.504;36.417;-786.47;-83.33;433.52;901.89;14.950;261.42;50;1;1
43;193.98;155.33;433.48;-4.894;-48.197;15.878;50.980;-121.21;-1193.64;393.24;1262.58;98.533;6724.34;50;1;1
44;192.32;383.99;451.04;-26.579;18.307;-18.460;37.180;-658.25;453.39;-457.17;920.80;22.075;382.09;50;1;1
45;206.31;191.12;183.57;-42.695;-29.334;-1.302;51.818;-1057.39;-726.48;-32.25;1283.32;31.533;609.36;50;1;1
46;196.92;393.50;197.22;-66.804;6.336;-22.457;70.762;-1654.46;156.93;-556.17;1752.48;63.976;700.21;50;1;1
47;200.64;331.80;164.51;-40.419;7.784;-33.921;53.338;-1001.03;192.77;-840.09;1320.97;15.880;2314.77;50;1;1
48;209.88;179.38;340.30;-59.055;-39.103;-9.884;71.514;-1462.56;-968.41;-244.79;1771.11;11.654;612.73;50;1;1
49;206.47;435.69;257.41;-44.431;-8.007;2.116;45.196;-1100.37;-198.30;52.42;1119.33;38.308;443.35;50;1;1
50;207.21;321.81;354.50;-39.285;-14.847;-40.584;58.402;-972.94;-367.71;-1005.10;1446.39;60.073;676.10;50;1;1
51;209.65;268.96;429.80;-22.252;5.513;-44.803;50.327;-551.09;136.53;-1109.59;1246.41;83.980;3076.19;50;1;1
52;212.34;137.41;242.84;-33.699;30.115;3.472;45.327;-834.58;745.82;86.00;1122.57;22.387;351.01;50;1;1
53;223.95;235.71;298.68;-27.542;5.307;8.461;29.297;-682.10;131.42;209.56;725.56;10.069;241.07;50;1;1
54;229.89;305.03;291.15;-61.341;2.438;18.547;64.130;-1519.18;60.38;459.32;1588.25;32.335;337.29;50;1;1
55;229.47;292.37;219.58;-57.078;27.744;-1.405;63.479;-1413.60;687.12;-34.80;1572.13;7.191;607.44;50;1;1
56;231.42;207.89;474.60;147.851;-35.493;1.348;152.058;3661.69;-879.03;33.38;3765.87;159.954;26860.25;50;1;0
57;236.76;437.34;389.49;-31.767;-24.445;-12.167;41.890;-786.74;-605.41;-301.33;1037.44;40.558;889.11;50;1;1
58;237.29;417.12;320.87;-25.555;1.126;-7.488;26.653;-632.89;27.89;-185.45;660.09;38.368;763.04;50;1;1
59;239.21;328.57;441.87;-81.517;4.265;-17.968;83.583;-2018.85;105.63;-445.01;2070.01;38.056;2250.29;50;1;1
60;241.22;113.91;331.99;-11.797;-7.062;-21.033;25.128;-292.15;-174.91;-520.89;622.31;22.382;401.98;50;1;1
61;245.74;266.47;366.47;-56.595;11.494;11.788;58.941;-1401.63;284.65;291.95;1459.73;16.870;328.20;50;1;1
62;246.81;279.34;489.98;-23.398;19.158;29.784;42.445;-579.46;474.46;737.62;1051.18;29.273;285.91;50;1;1
63;243.73;207.36;240.19;-28.448;18.553;-0.993;33.978;-704.53;459.49;-24.59;841.49;7.069;339.09;50;1;1
64;253.98;264.73;155.76;-58.572;-17.938;8.130;61.794;-1450.60;-444.24;201.34;1530.40;21.143;3256.59;50;1;1
65;261.13;395.79;443.92;-90.592;7.357;-12.678;91.770;-2243.60;182.20;-313.98;2272.77;54.622;3977.67;50;1;1
66;253.80;366.60;267.09;-20.970;-38.413;-17.573;47.160;-519.34;-951.34;-435.21;1167.97;35.004;336.33;50;1;1
67;257.30;137.02;398.47;-47.912;4.628;-15.286;50.504;-1186.59;114.61;-378.56;1250.78;22.929;969.91;50;1;1
68;255.54;208.36;404.37;-37.241;22.338;31.906;53.887;-922.30;553.23;790.17;1334.57;25.038;596.18;50;1;1
69;261.40;354.74;384.37;-56.424;47.693;-7.083;74.219;-1397.40;1181.17;-175.43;1838.11;74.656;3924.04;50;1;1
70;262.34;415.89;218.94;-53.618;-1.464;-27.468;60.262;-1327.90;-36.26;-680.27;1492.44;31.150;762.68;50;1;1
71;268.07;157.51;283.86;-57.326;14.005;23.838;63.644;-1419.73;346.84;590.37;1576.22;23.657;1272.22;50;1;1
72;266.33;363.26;172.58;-19.650;-9.650;11.540;24.747;-486.65;-239.00;285.81;612.90;26.593;415.07;50;1;1
73;279.67;271.19;428.26;-60.318;-39.491;6.823;72.418;-1493.83;-978.04;168.97;1793.50;25.578;875.16;50;1;1
74;274.46;151.41;213.89;-45.638;10.520;-12.962;48.595;-1130.26;260.55;-321.01;1203.51;13.592;416.78;50;1;1
75;275.39;207.43;336.87;-45.539;12.529;29.183;55.519;-1127.81;310.29;722.75;1375.00;25.981;235.70;50;1;1
76;277.49;263.14;263.28;-23.868;6.474;15.612;29.246;-591.11;160.33;386.65;724.30;10.575;182.27;50;1;1
77;295.05;321.66;300.87;-60.145;-13.987;32.145;69.615;-1489.54;-346.39;796.10;1724.09;14.973;489.14;50;1;1
78;299.58;323.30;220.60;-71.561;1.037;6.353;71.850;-1772.28;25.69;157.33;1779.44;17.616;3181.97;50;1;1
79;305.21;216.07;471.84;-85.450;14.371;-34.496;93.264;-2116.25;355.92;-854.32;2309.77;42.320;502.05;50;1;1
80;298.61;445.61;282.28;-87.093;7.752;31.628;92.982;-2156.94;191.98;783.29;2302.78;33.156;4557.54;50;1;1
81;298.20;381.93;333.95;-84.529;36.351;-21.952;94.596;-2093.45;900.26;-543.66;2342.77;24.346;630.87;50;1;1
82;301.18;241.16;199.69;-35.931;-17.910;-10.176;41.417;-889.86;-443.57;-252.02;1025.73;30.475;416.05;50;1;1
83;306.07;341.86;434.99;-42.016;-26.796;-36.640;61.853;-1040.56;-663.62;-907.42;1531.85;15.891;698.19;50;1;1
84;305.87;303.48;369.83;-41.638;12.298;27.101;51.181;-1031.21;304.56;671.20;1267.54;18.655;604.74;50;1;1
85;308.59;443.25;364.92;-60.527;14.570;33.302;70.603;-1499.01;360.84;824.76;1748.56;30.332;2641.63;50;1;1
86;316.83;293.86;484.72;-43.745;-21.083;-31.371;57.812;-1083.38;-522.14;-776.93;1431.77;22.774;1118.69;50;1;1
87;313.89;202.25;252.93;-41.493;-21.468;-3.871;46.878;-1027.61;-531.68;-95.87;1160.97;16.438;315.16;50;1;1
88;319.78;294.70;153.91;-20.503;-0.697;33.678;39.435;-507.78;-17.27;834.08;976.64;20.456;673.26;50;1;1
89;317.90;160.35;430.11;-57.389;15.117;-15.047;61.224;-1421.29;374.40;-372.65;1516.28;19.718;445.38;50;1;1
90;323.08;115.91;321.74;-87.791;-6.582;-4.729;88.164;-2174.23;-163.01;-117.13;2183.47;25.331;1977.12;50;1;1
91;321.70;232.05;385.43;-90.594;-12.573;-18.708;93.356;-2243.66;-311.38;-463.33;2312.06;46.947;741.33;50;1;1
92;329.27;409.52;426.41;-73.072;46.054;-19.409;88.528;-1809.70;1140.56;-480.69;2192.48;51.350;2047.91;50;1;1
93;326.96;394.38;196.49;-45.498;13.163;-9.709;48.348;-1126.79;326.00;-240.46;1197.40;35.136;2150.16;50;1;1
94;328.47;180.63;185.40;-59.612;18.703;-27.135;68.115;-1476.35;463.19;-672.03;1686.94;33.414;3350.52;50;1;1
95;329.93;371.47;263.53;-71.082;21.240;-22.359;77.483;-1760.40;526.03;-553.73;1918.94;36.758;182.51;50;1;1
96;334.40;130.11;246.91;-52.290;-4.881;-2.055;52.558;-1295.02;-120.88;-50.88;1301.65;33.377;3004.19;50;1;1
97;339.92;220.98;316.28;-65.009;-29.493;3.233;71.459;-1610.00;-730.41;80.08;1769.75;10.237;506.60;50;1;1
98;344.88;279.16;252.69;-84.916;-8.873;23.289;88.497;-2103.02;-219.75;576.78;2191.72;40.258;1007.23;50;1;1
99;350.29;286.39;421.60;-57.833;-1.922;3.726;57.985;-1432.29;-47.61;92.27;1436.05;41.448;3979.54;50;1;1
100;350.50;168.58;362.25;-53.250;-23.537;1.105;58.230;-1318.79;-582.93;27.36;1442.13;28.821;3188.31;50;1;1
101;352.89;287.96;320.29;-67.216;-29.608;20.218;76.180;-1664.67;-733.27;500.71;1886.68;15.102;265.99;50;1;1
102;355.95;352.61;390.39;-48.784;-35.187;-13.190;61.579;-1208.19;-871.43;-326.66;1525.07;20.456;3234.84;50;1;1
103;358.21;232.65;154.86;-76.012;-19.872;-12.670;79.582;-1882.52;-492.15;-313.78;1970.93;20.918;3166.97;50;1;1
104;357.57;436.11;246.40;-21.142;11.107;-18.306;30.091;-523.60;275.07;-453.36;745.22;41.892;765.01;50;1;1
105;366.28;377.41;324.43;-23.543;13.104;17.882;32.338;-583.07;324.53;442.87;800.89;15.844;549.24;50;1;1
106;361.31;449.86;315.83;-75.893;-19.913;9.927;79.088;-1879.57;-493.17;245.86;1958.68;54.258;365.29;50;1;1
107;369.43;241.99;475.62;-66.881;-3.396;-31.654;74.071;-1656.37;-84.12;-783.96;1834.45;22.886;3750.62;50;1;1
108;373.33;162.91;296.33;-32.455;20.418;1.045;38.358;-803.78;505.67;25.88;949.97;41.797;305.51;50;1;1
109;384.20;218.44;241.12;-69.521;19.811;20.542;75.151;-1721.76;490.63;508.75;1861.18;23.236;745.86;50;1;1
110;379.32;305.69;197.68;-79.993;-12.217;-10.182;81.558;-1981.09;-302.58;-252.17;2019.87;16.028;446.19;50;1;1
111;388.60;155.77;417.63;-62.035;30.186;-35.433;77.557;-1536.37;747.58;-877.52;1920.77;18.498;401.80;50;1;1
112;385.51;314.68;479.60;-46.962;-21.855;-16.037;54.224;-1163.06;-541.27;-397.17;1342.92;44.239;534.88;50;1;1
113;393.98;227.46;394.98;-62.292;-34.274;0.407;71.100;-1542.72;-848.82;10.07;1760.85;65.673;2472.22;50;1;1
114;388.01;330.31;276.47;-86.605;-11.496;-13.368;88.382;-2144.87;-284.70;-331.06;2188.86;18.303;277.38;50;1;1
115;387.21;369.99;168.85;-37.384;14.111;-15.595;42.894;-925.85;349.47;-386.22;1062.31;22.337;954.59;50;1;1
116;388.89;378.76;451.11;-49.108;23.891;-9.029;55.353;-1216.21;591.68;-223.62;1370.86;74.292;1424.32;50;1;1
117;388.38;152.85;207.28;-70.469;-16.519;2.799;72.434;-1745.24;-409.11;69.31;1793.89;63.330;359.65;50;1;1
118;395.56;115.00;343.36;-51.943;14.423;-1.264;53.923;-1286.41;357.20;-31.32;1335.45;13.137;669.28;50;1;1
119;392.70;426.19;399.23;-51.012;-23.495;42.352;70.341;-1263.36;-581.87;1048.88;1742.07;66.078;1958.97;50;1;1
120;406.20;242.26;318.10;-55.771;30.194;-3.857;63.537;-1381.21;747.79;-95.52;1573.55;20.799;118.25;50;1;1
121;406.65;312.32;358.63;-92.121;13.259;-11.560;93.786;-2281.48;328.37;-286.29;2322.70;35.295;139.53;50;1;1
122;412.39;417.92;210.91;-74.457;29.474;17.160;81.896;-1844.01;729.94;424.98;2028.25;38.018;616.85;50;1;1
123;415.27;275.94;143.39;-77.366;12.544;-18.593;80.552;-1916.05;310.66;-460.46;1994.94;28.799;552.55;50;1;1
124;420.09;290.33;423.19;-88.877;2.788;2.200;88.948;-2201.12;69.05;54.49;2202.88;18.683;3468.72;50;1;1
125;422.08;201.39;167.50;-86.777;28.722;28.537;95.758;-2149.13;711.32;706.75;2371.55;56.988;1499.13;50;1;1
126;421.50;416.54;280.42;-95.412;-20.115;-12.204;98.270;-2362.98;-498.16;-302.24;2433.76;70.102;1341.60;50;1;1
127;422.75;179.89;344.73;-87.698;-9.745;30.692;93.423;-2171.94;-241.35;760.11;2313.73;22.868;2340.98;50;1;1
128;425.46;204.20;457.76;-48.596;-2.940;-23.700;54.147;-1203.54;-72.82;-586.95;1341.01;57.041;243.95;50;1;1
129;426.32;448.77;343.42;-30.041;-18.144;-31.483;47.147;-743.99;-449.35;-779.72;1167.65;80.957;5324.05;50;1;1
130;428.11;277.45;243.86;-73.587;10.046;-15.402;75.850;-1822.45;248.81;-381.44;1878.49;10.413;397.45;50;1;1
131;429.25;379.84;357.38;-86.588;11.325;-14.908;88.589;-2144.44;280.46;-369.22;2193.99;11.339;246.51;50;1;1
132;432.21;347.08;226.24;-45.547;0.878;-18.068;49.008;-1128.02;21.75;-447.47;1213.73;13.041;253.38;50;1;1
133;439.05;183.29;278.12;-97.023;0.317;19.503;98.964;-2402.87;7.85;483.00;2450.94;30.583;367.72;50;1;1
134;453.80;136.60;389.77;-64.062;16.299;-7.453;66.522;-1586.56;403.66;-184.57;1647.48;52.901;1867.67;50;1;1
135;456.42;363.35;161.17;-52.784;9.728;-3.316;53.775;-1307.24;240.92;-82.12;1331.79;45.043;2663.24;50;1;1
136;450.41;257.19;370.66;-71.605;-20.665;-1.291;74.538;-1773.36;-511.79;-31.96;1846.01;26.376;242.38;50;1;1
137;451.74;311.13;302.23;-82.366;22.285;-25.623;89.092;-2039.87;551.92;-634.58;2206.44;18.336;504.30;50;1;1
138;462.60;376.29;448.22;-51.858;-5.499;11.171;53.332;-1284.31;-136.19;276.66;1320.81;10.213;1273.72;50;1;1
139;460.49;427.11;397.09;-76.745;0.883;48.108;90.581;-1900.66;21.87;1191.43;2243.32;67.391;11520.20;50;1;0
140;457.45;116.47;294.26;-76.432;12.425;-5.604;77.638;-1892.91;307.72;-138.79;1922.77;22.367;795.41;50;1;1
141;458.42;263.31;476.69;-54.652;2.900;-10.971;55.818;-1353.51;71.83;-271.71;1382.38;11.119;332.56;50;1;1
142;463.81;220.55;220.91;-86.149;-5.860;25.315;89.982;-2133.56;-145.13;626.95;2228.50;21.990;259.91;50;1;1
143;464.86;330.65;392.11;-71.539;-0.186;-2.230;71.574;-1771.74;-4.60;-55.22;1772.61;56.401;3047.59;50;1;1
144;467.66;297.17;185.85;-37.855;12.686;4.027;40.127;-937.53;314.18;99.73;993.79;60.072;3523.53;50;1;1
145;476.18;241.15;309.19;-69.378;32.765;-36.252;84.859;-1718.22;811.45;-897.82;2101.62;19.621;439.33;50;1;1
146;477.03;432.56;235.69;-67.213;19.539;-16.925;72.013;-1664.60;483.90;-419.16;1783.46;18.518;438.86;50;1;1
147;476.39;241.30;144.95;-98.265;-7.692;-5.401;98.714;-2433.63;-190.51;-133.77;2444.74;25.400;202.04;50;1;1
148;478.78;371.04;274.80;-82.279;26.285;-13.301;87.394;-2037.73;650.99;-329.40;2164.40;23.692;153.59;50;1;1
149;489.49;197.44;364.40;-79.620;-0.674;-41.916;89.982;-1971.87;-16.69;-1038.09;2228.49;9.710;1160.15;50;1;1
150;483.28;451.51;303.91;-108.691;13.018;-16.899;110.764;-2691.84;322.41;-418.51;2743.19;43.695;755.46;50;1;1
151;494.98;190.21;447.53;-117.664;11.823;-14.622;119.157;-2914.06;292.81;-362.12;2951.03;38.687;403.84;50;1;1
152;499.80;384.92;342.37;-87.732;23.200;-11.798;91.511;-2172.76;574.57;-292.18;2266.36;7.048;204.74;50;1;1
153;499.66;270.69;251.22;-92.272;3.048;20.892;94.656;-2285.20;75.48;517.40;2344.26;8.107;200.53;50;1;1
154;499.88;172.89;180.64;-75.764;21.629;-5.886;79.010;-1876.37;535.66;-145.76;1956.77;12.104;271.06;50;1;1
155;502.45;131.78;239.20;-114.588;16.867;-20.237;117.578;-2837.89;417.73;-501.19;2911.93;18.187;218.01;50;1;1
156;502.11;276.78;414.73;-95.553;22.151;-14.512;99.155;-2366.47;548.60;-359.42;2455.67;22.520;433.28;50;1;1
157;501.37;318.53;471.11;-51.700;-1.649;5.664;52.035;-1280.39;-40.83;140.27;1288.70;37.981;659.22;50;1;1
158;510.75;181.27;296.68;-100.340;15.474;22.760;104.046;-2485.03;383.23;563.67;2576.81;31.194;274.02;50;1;1
159;504.37;294.80;346.78;-71.138;-8.233;-11.231;72.488;-1761.79;-203.90;-278.15;1795.23;19.442;236.82;50;1;1
160;516.37;394.21;180.95;-93.200;-13.534;-25.907;97.676;-2308.20;-335.19;-641.61;2419.05;25.284;242.45;50;1;1
161;517.97;334.34;223.51;-79.878;19.004;-3.981;82.204;-1978.26;470.65;-98.59;2035.86;38.653;3444.23;50;1;1
162;525.76;146.12;400.87;-93.130;6.124;-36.425;100.187;-2306.46;151.67;-902.10;2481.24;14.895;4392.36;50;1;1
163;527.12;414.38;407.57;-62.149;-34.633;18.090;73.411;-1539.19;-857.72;448.02;1818.10;45.447;3249.72;50;1;1
164;528.82;114.58;310.07;-80.395;29.263;-30.038;90.675;-1991.06;724.72;-743.93;2245.66;32.405;700.72;50;1;1
165;533.71;206.15;233.75;-88.702;9.368;26.445;93.033;-2196.79;232.02;654.94;2304.05;23.920;684.31;50;1;1
166;532.87;343.65;389.80;-111.783;27.744;0.585;115.176;-2768.43;687.11;14.50;2852.46;20.118;486.50;50;1;1
167;531.92;246.87;469.85;-126.954;19.506;-4.444;128.521;-3144.15;483.09;-110.06;3182.95;10.767;1293.20;50;1;1
168;541.59;221.49;148.91;-93.613;38.864;-5.264;101.497;-2318.43;962.51;-130.36;2513.67;35.719;978.74;50;1;1
169;536.99;300.47;138.02;-98.727;-23.389;10.522;102.004;-2445.07;-579.26;260.60;2526.23;59.323;2673.24;50;1;1
170;537.86;316.53;289.45;-99.840;22.918;-25.575;105.581;-2472.63;567.59;-633.38;2614.81;23.880;142.99;50;1;1
171;542.66;444.99;345.10;-102.563;25.903;11.833;106.443;-2540.08;641.53;293.06;2636.18;24.038;184.05;50;1;1
172;543.99;236.21;327.04;-64.217;-23.133;-3.070;68.325;-1590.39;-572.91;-76.02;1692.15;15.132;356.98;50;1;1
173;547.21;434.88;229.42;-66.116;24.728;-4.558;70.736;-1637.43;612.41;-112.88;1751.85;23.336;198.32;50;1;1
174;542.57;267.80;199.43;-86.699;1.209;2.306;86.738;-2147.19;29.94;57.10;2148.16;37.436;2992.28;50;1;1
175;545.66;385.47;276.58;-69.917;18.693;9.759;73.027;-1731.56;462.94;241.69;1808.60;38.393;976.79;50;1;1
176;543.77;221.40;405.10;-98.402;12.799;-25.399;102.430;-2437.04;316.99;-629.03;2536.79;28.518;906.03;50;1;1
177;561.80;173.34;346.43;-103.021;-25.172;3.505;106.110;-2551.42;-623.42;86.81;2627.92;44.095;553.71;50;1;1
178;572.19;166.91;184.61;-87.581;-51.744;9.013;102.123;-2169.04;-1281.50;223.21;2529.19;60.748;5788.44;50;1;1
179;563.22;348.24;459.30;-88.332;17.655;-25.854;93.716;-2187.63;437.24;-640.30;2320.97;36.777;366.61;50;1;1
180;570.24;289.78;415.35;-94.867;-1.894;2.250;94.913;-2349.48;-46.91;55.74;2350.61;14.631;280.87;50;1;1
181;572.71;125.26;246.78;-62.982;38.972;-9.448;74.665;-1559.81;965.18;-233.99;1849.15;36.337;961.88;50;1;1
182;571.66;378.77;340.70;-88.262;2.265;-13.358;89.296;-2185.89;56.10;-330.82;2211.49;36.860;3146.11;50;1;1
183;573.73;302.52;347.65;-67.205;29.010;-2.955;73.259;-1664.40;718.47;-73.19;1814.33;17.059;3367.51;50;1;1
184;571.59;360.98;153.31;-75.667;31.660;9.030;82.519;-1873.97;784.08;223.65;2043.66;48.370;620.89;50;1;1
185;579.36;263.83;271.72;-102.915;12.659;9.123;104.091;-2548.79;313.51;225.94;2577.92;18.082;296.54;50;1;1
186;585.90;358.22;222.67;-82.983;-24.376;12.296;87.359;-2055.15;-603.69;304.51;2163.52;6.043;290.39;50;1;1
187;592.20;192.89;283.68;-136.411;13.474;0.307;137.075;-3378.35;333.70;7.60;3394.80;43.181;4580.49;50;1;1
188;589.45;448.83;290.78;-86.612;12.846;30.795;92.817;-2145.02;318.15;762.67;2298.70;43.738;809.66;50;1;1
189;601.90;146.16;397.66;-104.957;31.127;4.855;109.583;-2599.37;770.88;120.24;2713.93;7.357;1239.42;50;1;1
190;596.01;425.65;390.91;-94.855;15.357;-6.742;96.326;-2349.17;380.34;-166.96;2385.61;37.842;4034.62;50;1;1
191;600.31;116.52;311.47;-77.894;1.326;-17.723;79.896;-1929.13;32.83;-438.92;1978.70;52.597;256.65;50;1;1
192;594.82;196.77;446.08;-102.004;-19.438;-39.227;111.002;-2526.23;-481.39;-971.49;2749.06;98.361;1250.08;50;1;1
193;601.95;260.58;469.01;-88.182;45.344;41.947;107.665;-2183.93;1122.99;1038.86;2666.44;51.981;2884.10;50;1;1
194;601.39;353.13;400.73;-78.458;-6.778;3.463;78.826;-1943.09;-167.86;85.77;1952.22;56.036;4231.08;50;1;1
195;600.78;225.24;215.84;-119.059;30.047;-0.617;122.794;-2948.62;744.14;-15.29;3041.11;17.177;285.62;50;1;1
196;598.47;297.42;172.99;-95.813;27.284;-26.853;103.178;-2372.90;675.72;-665.05;2555.30;33.841;388.88;50;1;1
197;604.10;232.67;364.74;-95.854;30.284;-0.482;100.526;-2373.93;750.00;-11.93;2489.62;14.933;1198.60;50;1;1
198;608.78;239.31;137.97;-90.903;20.621;19.008;95.131;-2251.31;510.70;470.76;2356.02;39.410;395.91;50;1;1
199;608.40;358.25;288.33;-97.752;25.537;35.946;107.237;-2420.94;632.45;890.23;2655.83;35.548;3225.64;50;1;1
200;617.55;433.30;227.66;-93.945;-28.778;-0.717;98.256;-2326.64;-712.72;-17.75;2433.42;44.832;249.12;50;1;1
201;628.59;325.50;461.98;-85.864;34.837;-29.152;97.140;-2126.52;862.78;-721.98;2405.77;77.652;491.91;50;1;1
202;635.24;170.28;342.33;-73.748;13.399;-41.436;85.646;-1826.44;331.84;-1026.20;2121.10;57.738;1890.06;50;1;1
203;629.62;161.62;230.66;-120.431;4.762;7.340;120.748;-2982.58;117.93;181.78;2990.44;7.607;228.61;50;1;1
204;629.90;306.85;247.84;-126.304;27.744;-13.009;129.968;-3128.04;687.10;-322.18;3218.78;15.186;689.00;50;1;1
205;635.91;276.91;410.73;-89.840;2.374;9.041;90.324;-2224.97;58.80;223.90;2236.98;19.587;877.30;50;1;1
206;632.83;289.76;315.12;-103.985;21.767;-6.858;106.459;-2575.28;539.09;-169.84;2636.58;13.690;116.61;50;1;1
207;642.01;186.11;165.36;-122.977;-25.634;-56.334;137.674;-3045.66;-634.85;-1395.17;3409.63;39.098;7544.45;50;1;1
208;640.97;365.19;151.20;-140.740;29.047;12.861;144.281;-3485.57;719.37;318.51;3573.25;43.134;657.63;50;1;1
209;644.32;388.49;344.64;-111.349;-2.298;-20.591;113.260;-2757.68;-56.91;-509.96;2805.01;23.033;619.97;50;1;1
210;655.90;372.45;236.90;-104.083;5.614;3.847;104.305;-2577.72;139.05;95.28;2583.23;46.354;4651.69;50;1;1
211;649.91;233.95;266.13;-77.972;-32.615;-39.406;93.253;-1931.05;-807.75;-975.92;2309.51;10.743;924.47;50;1;1
212;658.14;451.75;313.60;-102.743;-11.238;-30.915;107.880;-2544.52;-278.31;-765.64;2671.75;38.771;1060.45;50;1;1
213;658.22;402.54;415.68;-101.595;0.352;2.788;101.634;-2516.10;8.73;69.06;2517.07;19.526;3413.67;50;1;1
214;659.52;222.56;452.09;-97.258;-48.677;25.462;111.700;-2408.68;-1205.54;630.60;2766.36;34.099;5581.19;50;1;1
215;665.32;308.82;186.43;-96.928;1.560;-27.694;100.819;-2400.53;38.63;-685.86;2496.89;19.394;432.94;50;1;1
216;664.11;242.16;200.88;-120.192;35.673;17.967;126.655;-2976.67;883.48;444.98;3136.74;35.086;538.48;50;1;1
217;672.56;337.65;388.31;-147.773;-7.780;-10.577;148.356;-3659.76;-192.68;-261.96;3674.17;60.431;2463.16;50;1;1
218;674.74;243.48;347.24;-101.438;34.072;1.142;107.013;-2512.21;843.83;28.27;2650.29;17.194;384.95;50;1;1
219;675.39;342.73;302.67;-124.114;-11.738;-24.280;127.010;-3073.80;-290.71;-601.31;3145.53;21.675;3907.11;50;1;1
220;679.70;248.84;134.21;-74.685;-18.353;1.685;76.925;-1849.65;-454.53;41.73;1905.14;53.681;2182.59;50;1;1
221;676.02;167.81;284.16;-113.837;14.901;11.863;115.419;-2819.28;369.03;293.81;2858.47;28.864;1050.07;50;1;1
222;685.97;432.14;215.34;-91.865;-30.619;14.744;97.949;-2275.12;-758.31;365.15;2425.80;39.111;372.05;50;1;1
223;691.65;167.68;418.32;-131.749;-5.524;52.509;141.935;-3262.90;-136.80;1300.44;3515.16;16.324;5412.89;50;1;1
224;694.09;286.03;263.82;-80.993;-14.824;-1.695;82.355;-2005.86;-367.12;-41.97;2039.62;26.536;568.74;50;1;1
225;693.11;131.34;226.83;-116.006;0.350;15.647;117.057;-2873.00;8.67;387.50;2899.03;24.526;327.62;50;1;1
226;700.49;315.58;461.07;-87.859;-6.966;-10.708;88.783;-2175.92;-172.52;-265.18;2198.79;16.811;829.08;50;1;1
227;707.65;274.54;402.19;-158.606;5.142;15.677;159.462;-3928.05;127.35;388.25;3949.24;13.677;1587.08;50;1;1
228;703.81;179.24;351.13;-142.474;4.835;-46.918;150.078;-3528.50;119.75;-1161.98;3716.84;25.806;3675.71;50;1;1
229;715.09;183.81;160.51;-109.129;43.548;-23.026;119.732;-2702.68;1078.51;-570.26;2965.28;24.740;2697.75;50;1;1
230;710.13;202.71;228.51;-137.879;-1.653;-3.826;137.942;-3414.70;-40.94;-94.76;3416.26;41.961;501.75;50;1;1
231;709.54;399.08;280.26;-106.456;-6.080;17.558;108.065;-2636.49;-150.58;434.85;2676.35;11.797;431.65;50;1;1
232;715.62;316.99;135.98;-146.962;-6.747;22.916;148.890;-3639.65;-167.09;567.53;3687.42;12.570;469.46;50;1;1
233;717.14;220.89;297.13;-86.618;-16.274;-25.663;91.794;-2145.19;-403.05;-635.57;2273.38;15.103;369.40;50;1;1
234;725.62;340.90;210.85;-126.556;40.704;17.124;134.039;-3134.28;1008.07;424.10;3319.60;54.660;4781.84;50;1;1
235;718.75;118.19;323.00;-119.631;2.599;-0.086;119.659;-2962.78;64.36;-2.12;2963.48;26.973;772.92;50;1;1
236;719.18;378.35;346.66;-138.675;-30.517;9.656;142.321;-3434.42;-755.79;239.15;3524.72;46.088;342.67;50;1;1
237;720.35;298.79;337.16;-147.847;-21.118;10.993;149.752;-3661.58;-523.00;272.25;3708.75;11.890;376.47;50;1;1
238;726.91;390.25;425.42;-127.717;13.607;-7.809;128.677;-3163.03;336.99;-193.41;3186.81;22.658;298.41;50;1;1
239;725.01;268.64;186.64;-100.042;17.788;4.832;101.726;-2477.64;440.53;119.67;2519.34;36.562;360.40;50;1;1
240;726.67;452.05;321.49;-140.895;-12.617;26.967;144.007;-3489.42;-312.48;667.88;3566.47;34.618;733.63;50;1;1
241;731.27;227.02;452.32;-111.224;-35.428;38.493;122.914;-2754.58;-877.42;953.32;3044.08;24.850;1884.66;50;1;1
242;743.11;336.69;284.90;-164.607;11.226;-22.664;166.539;-4076.65;278.02;-561.29;4124.49;23.700;2490.47;50;1;1
243;746.16;331.02;393.07;-99.000;39.473;-21.556;108.737;-2451.84;977.59;-533.85;2692.99;24.081;654.09;50;1;1
244;751.51;237.03;130.89;-144.893;-6.578;6.965;145.210;-3588.43;-162.91;172.49;3596.26;33.361;1007.31;50;1;1
245;750.90;424.08;195.69;-154.570;-23.503;34.228;160.050;-3828.08;-582.08;847.68;3963.79;62.732;569.30;50;1;1
246;748.94;375.61;149.58;-156.368;3.294;14.294;157.054;-3872.61;81.58;354.01;3889.61;33.474;688.09;50;1;1
247;757.22;449.29;260.12;-97.696;-21.148;-13.862;100.915;-2419.54;-523.75;-343.29;2499.27;20.498;429.98;50;1;1
248;755.99;224.95;375.45;-131.528;7.965;-32.328;135.677;-3257.42;197.27;-800.63;3360.17;24.357;392.81;50;1;1
249;764.23;170.65;417.04;-139.490;29.564;-10.121;142.947;-3454.61;732.17;-250.66;3540.23;18.981;734.29;50;1;1
250;761.24;429.36;377.96;-116.340;17.538;9.328;118.023;-2881.27;434.36;231.02;2922.97;29.918;393.87;50;1;1
251;762.79;144.67;202.12;-124.250;4.575;11.609;124.875;-3077.18;113.32;287.51;3092.65;38.189;643.71;50;1;1
252;763.10;276.70;248.98;-149.800;-6.029;13.686;150.545;-3709.94;-149.32;338.94;3728.39;19.128;1534.53;50;1;1
253;767.32;117.89;270.55;-86.299;4.415;-8.612;86.840;-2137.28;109.33;-213.30;2150.68;34.643;2296.80;50;1;1
254;773.75;169.60;333.88;-88.471;4.174;7.207;88.862;-2191.07;103.37;178.49;2200.75;20.635;2385.19;50;1;1
255;772.91;320.71;457.27;-155.984;-13.091;-9.573;156.825;-3863.11;-324.20;-237.10;3883.93;51.380;907.91;50;1;1
256;770.42;189.39;263.59;-140.184;15.078;8.069;141.223;-3471.80;373.41;199.83;3497.54;19.895;344.18;50;1;1
257;774.51;258.32;317.49;-98.246;6.526;-14.184;99.479;-2433.17;161.63;-351.27;2463.71;31.636;5611.73;50;1;1
258;774.35;384.25;244.70;-131.436;2.183;-8.748;131.745;-3255.15;54.07;-216.65;3262.80;42.759;3874.40;50;1;1
259;772.62;403.93;311.68;-124.649;37.421;6.632;130.313;-3087.05;926.78;164.25;3227.34;51.369;641.63;50;1;1
260;774.60;220.92;199.74;-133.591;-1.389;2.657;133.624;-3308.51;-34.41;65.81;3309.34;12.693;328.82;50;1;1
261;780.31;308.08;167.10;-155.417;-21.218;25.689;158.948;-3849.06;-525.49;636.22;3936.51;32.838;459.66;50;1;1
262;788.80;339.62;341.83;-115.526;-4.565;-12.986;116.343;-2861.11;-113.05;-321.61;2881.35;18.426;6206.68;50;1;1
263;795.76;382.04;429.04;-108.819;13.948;-4.823;109.815;-2695.01;345.43;-119.44;2719.68;35.090;374.17;50;1;1
264;791.53;277.77;403.91;-105.659;29.962;-17.608;111.228;-2616.76;742.04;-436.09;2754.68;18.900;381.80;50;1;1
265;802.00;228.98;450.43;-114.805;7.128;-35.871;120.489;-2843.26;176.53;-888.38;2984.04;65.219;965.17;50;1;1
266;815.06;362.60;140.85;-130.147;-9.498;-34.237;134.909;-3223.21;-235.24;-847.91;3341.16;37.073;368.37;50;1;1
267;819.05;419.65;189.85;-128.831;-43.831;-10.034;136.452;-3190.62;-1085.51;-248.50;3379.37;15.304;2833.15;50;1;1
268;820.97;345.80;210.61;-135.458;25.908;-23.066;139.829;-3354.75;641.64;-571.25;3463.00;28.354;3195.87;50;1;1
269;822.76;451.11;297.52;-160.028;6.825;-19.022;161.299;-3963.26;169.04;-471.11;3994.74;58.081;6303.97;50;1;1
270;821.97;270.45;211.80;-134.869;23.829;20.692;138.512;-3340.17;590.16;512.46;3430.40;10.795;423.04;45;2;1
271;824.18;297.58;281.34;-136.212;-26.551;15.096;139.594;-3373.42;-657.56;373.88;3457.19;37.597;6901.04;50;1;1
272;827.56;400.40;368.34;-167.048;-6.692;23.710;168.855;-4137.11;-165.74;587.19;4181.86;81.957;5466.35;50;1;1
273;823.47;176.81;219.43;-180.071;-27.552;-5.544;182.251;-4459.65;-682.36;-137.31;4513.64;29.724;3108.53;50;1;1
274;825.41;366.44;287.93;-138.099;-0.241;24.202;140.203;-3420.15;-5.96;599.38;3472.28;23.914;231.56;50;1;1
275;826.41;227.94;280.83;-139.469;8.057;11.247;140.153;-3454.08;199.54;278.55;3471.03;13.699;654.03;48;2;1
276;828.14;154.52;287.07;-145.635;-31.702;-24.962;151.122;-3606.80;-785.12;-618.22;3742.68;43.231;1260.99;50;1;1
277;834.98;176.15;416.81;-147.878;-8.754;3.853;148.187;-3662.35;-216.81;95.44;3670.00;60.332;493.23;50;1;1
278;831.25;132.89;361.02;-143.955;39.135;-21.098;150.664;-3565.18;969.23;-522.51;3731.35;29.847;1885.26;50;1;1
279;829.35;210.41;355.95;-142.834;-36.680;-15.519;148.283;-3537.43;-908.42;-384.35;3672.38;33.690;562.95;50;1;1
280;834.46;282.43;349.96;-148.646;25.508;35.670;154.980;-3681.38;631.72;883.39;3838.23;40.309;737.31;50;1;1
281;832.09;331.96;399.84;-146.776;-24.268;-13.559;149.385;-3635.05;-601.02;-335.80;3699.67;15.332;501.60;50;1;1
282;836.88;290.69;455.56;-151.508;-10.730;55.589;161.740;-3752.24;-265.73;1376.71;4005.65;152.409;9386.46;50;1;1
