Label	Zpos	Ypos	Xpos	Zdisp	Ydisp	Xdisp	Fzz	Fzy	Fzx	Fyz	Fyy	Fyx	Fxz	Fxy	Fxx	PSCC	error	iterations	returnStatus	deltaPhiNorm	LabelDilate
0.0000000	0.0000000	0.0000000	0.0000000	58.1385938	14.6841198	55.2752126	0.9919412	0.0000000	0.0000000	0.0000000	1.0249724	0.0000000	0.0000000	0.0000000	1.0249724	0.0000000	0.0000000	0.0000000	0.0000000	0.0000000	0.0000000
1.0000000	44.5590134	293.5484314	292.4603577	21.7823211	17.9815887	-4.4192340	0.3102396	-0.1444009	0.9396275	0.0249364	0.9892925	0.1438001	-0.9503313	-0.0211815	0.3105186	0.0000000	12887.9824219	300.0000000	1.0000000	0.0111248	2.0000000
2.0000000	38.0135956	386.6303711	227.6115417	40.7081396	-27.5704269	48.7657786	0.0640564	0.5689704	0.8198594	0.9952755	-0.0964881	-0.0108005	0.0729615	0.8166778	-0.5724631	0.0000000	9211.9052734	300.0000000	1.0000000	0.2706444	2.0000000
3.0000000	40.4859161	301.6727600	219.4697266	37.1006189	65.6334504	58.0878740	-0.3309127	-0.6135005	-0.7170174	0.4851615	0.5411057	-0.6868937	0.8093918	-0.5751711	0.1185881	0.0000000	5310.1293945	300.0000000	1.0000000	0.1122040	2.0000000
4.0000000	44.7075386	175.4165649	362.8401184	16.0681416	57.9096193	2.8998856	-0.3826774	-0.8754568	0.2951837	-0.8992248	0.4262640	0.0984564	-0.2120205	-0.2277595	-0.9503541	0.0000000	14370.2929688	300.0000000	1.0000000	0.1420510	2.0000000
5.0000000	54.9905624	228.9161530	249.3256378	16.6432193	65.7484734	73.6038328	0.9420685	0.3333931	0.0368233	-0.3305328	0.9414028	-0.0671479	-0.0570522	0.0510866	0.9970633	0.0000000	7611.0141602	300.0000000	1.0000000	0.0368645	2.0000000
6.0000000	53.6439438	380.0980835	152.6669159	22.9256821	-14.2610992	109.4626605	-0.1042029	-0.2607705	0.9597607	-0.0999850	0.9628719	0.2507603	-0.9895174	-0.0698317	-0.1264071	0.0000000	9365.7832031	300.0000000	1.0000000	0.0081211	2.0000000
7.0000000	60.8293839	287.1170349	152.5246582	16.1309607	66.0560561	110.4199186	0.9428935	0.2002925	0.2661480	-0.1999034	0.9793909	-0.0288453	-0.2664405	-0.0260058	0.9635005	0.0000000	9035.3349609	300.0000000	1.0000000	0.0772212	2.0000000
8.0000000	62.1234741	379.1199951	295.7628784	62.8767624	47.4847091	76.7481452	0.7310839	-0.1986186	0.6527380	0.5277541	0.7709594	-0.3565070	-0.4324256	0.6051217	0.6684578	0.0000000	512.2317505	31.0000000	2.0000000	0.0009459	2.0000000
9.0000000	63.6737747	237.5215912	337.6639099	90.0785936	66.2838064	54.3383908	-0.0390226	-0.9812332	-0.1888352	0.9949232	-0.0206102	-0.0985044	0.0927638	-0.1917204	0.9770559	0.0000000	1336.4476318	106.0000000	2.0000000	0.0008619	2.0000000
10.0000000	64.0514908	459.2108459	257.3276062	111.0184989	28.1460030	95.3223616	0.9948827	-0.0832272	-0.0572859	0.1006230	0.8674270	0.4872837	0.0091361	-0.4905544	0.8713627	0.0000000	4416.1679688	300.0000000	1.0000000	0.0098812	2.0000000
11.0000000	69.0017395	247.2124634	408.8287354	24.8382824	33.3033355	59.8942429	0.6221651	0.7787852	0.0800260	-0.0868720	-0.0329118	0.9956757	0.7780513	-0.6264267	0.0471780	0.0000000	5150.0913086	300.0000000	1.0000000	0.8526131	2.0000000
12.0000000	71.9413376	443.2902527	189.7256470	64.0281857	-8.4481333	19.0598970	0.5738952	0.7518974	0.3244913	-0.5991724	0.6556300	-0.4595016	-0.5582443	0.0692795	0.8267791	0.0000000	2705.6745605	32.0000000	2.0000000	0.0007286	2.0000000
13.0000000	72.3362808	172.0648804	295.5649414	59.9560458	26.5280186	48.4624428	0.6148093	-0.6629130	0.4272655	0.6863779	0.1829097	-0.7038675	0.3884519	0.7260099	0.5674634	0.0000000	1733.6018066	75.0000000	2.0000000	0.0009811	2.0000000
14.0000000	68.2952881	441.6990051	324.7284546	57.6347559	-14.3844194	47.2846751	0.9838802	-0.0003890	-0.1788284	-0.0163996	0.9955876	-0.0923930	0.1780753	0.0938364	0.9795325	0.0000000	917.6004028	110.0000000	2.0000000	0.0007236	2.0000000
15.0000000	71.0103912	219.3622131	180.4885254	62.0881540	-32.4092260	57.5386196	0.9960032	0.0422669	-0.0786838	-0.0338594	0.9938664	0.1052764	0.0826509	-0.1021914	0.9913252	0.0000000	5125.2568359	80.0000000	2.0000000	0.0009751	2.0000000
16.0000000	70.5165100	367.7075195	366.0957031	79.7661511	3.8427023	45.0056463	0.9570865	-0.2861413	0.0459188	0.2883047	0.9561999	-0.0506178	-0.0294237	0.0616843	0.9976619	0.0000000	402.0410767	280.0000000	2.0000000	0.0009751	2.0000000
17.0000000	69.6727905	127.1187134	236.2065277	66.6801514	-16.1898449	56.6151989	0.8425891	0.5117664	0.1677460	-0.4629894	0.8474360	-0.2597942	-0.2751079	0.1412352	0.9509828	0.0000000	847.4826050	169.0000000	2.0000000	0.0009615	2.0000000
18.0000000	78.2063446	316.1014404	413.9076233	95.0924994	8.0201959	46.9923882	0.9547087	-0.0812823	-0.2862246	0.0239800	0.9798533	-0.1982739	0.2965743	0.1824302	0.9374236	0.0000000	876.6084595	48.0000000	2.0000000	0.0009820	2.0000000
19.0000000	86.8569565	151.5071869	165.1873627	75.9083951	16.9060495	32.1142556	-0.0173009	-0.3826633	0.9237259	-0.5034494	0.8015349	0.3226150	-0.8638515	-0.4594678	-0.2065188	0.0000000	6453.7138672	300.0000000	1.0000000	0.0538248	2.0000000
20.0000000	93.4603729	272.4835205	88.2292023	77.9632172	-5.1699636	55.4896203	0.1134654	0.3881862	0.9145693	0.7272963	-0.6595791	0.1897249	0.6768794	0.6436357	-0.3571658	0.0000000	1776.3439941	300.0000000	1.0000000	0.0664731	2.0000000
21.0000000	97.2806702	338.6269836	188.4766846	51.2758692	17.4324045	85.3237350	0.1531426	0.9791826	0.1332249	0.2746933	0.0873212	-0.9575587	-0.9492581	0.1832390	-0.2556023	0.0000000	3839.6257324	300.0000000	1.0000000	0.0876673	2.0000000
22.0000000	100.7380600	348.3508606	104.3777542	38.1822060	-6.4916660	65.7060250	-0.2037925	-0.9400899	0.2733123	0.9423206	-0.2640698	-0.2056675	0.2655194	0.2156343	0.9396815	0.0000000	2658.5166016	112.0000000	2.0000000	0.0009562	2.0000000
23.0000000	100.0818024	324.3623657	320.6332703	74.0058438	30.5243924	29.6004936	0.6763317	0.0726363	-0.7330071	-0.3733335	0.8916439	-0.2561116	0.6349784	0.4468725	0.6301646	0.0000000	353.3078308	41.0000000	2.0000000	0.0009351	2.0000000
24.0000000	102.0647888	209.5337372	120.4310303	90.0527154	32.2286368	83.0563514	0.9785588	-0.0258105	0.2043441	-0.1168312	0.7475095	0.6538960	-0.1696265	-0.6637494	0.7284665	0.0000000	413.5233459	138.0000000	2.0000000	0.0009904	2.0000000
25.0000000	111.5224457	197.2366638	375.0575562	113.8961856	12.1576076	22.4395747	0.9809787	0.0322952	-0.1914103	-0.0572835	0.9903125	-0.1264903	0.1854709	0.1350490	0.9733254	0.0000000	7628.8212891	56.0000000	2.0000000	0.0009836	2.0000000
26.0000000	107.9600677	182.7180023	229.9974213	70.0046703	51.3332835	56.8219054	0.8036157	-0.1829775	0.5663224	0.3223487	0.9337233	-0.1557312	-0.5002931	0.3077013	0.8093372	0.0000000	339.2002258	195.0000000	2.0000000	0.0009643	2.0000000
27.0000000	108.4876022	270.5159912	210.3309326	38.8143933	27.5361454	99.8181859	0.8425799	0.1721471	0.5103180	-0.3866513	0.8529566	0.3506648	-0.3749131	-0.4927782	0.7852450	0.0000000	942.7601318	175.0000000	2.0000000	0.0009912	2.0000000
28.0000000	108.9411621	259.7088013	290.1209106	91.0892175	1.2159872	67.4260254	0.7301298	0.6292872	-0.2662859	-0.5607276	0.7744930	0.2928227	0.3905061	-0.0644847	0.9183391	0.0000000	318.0136414	67.0000000	2.0000000	0.0009820	2.0000000
29.0000000	112.3990021	389.8251953	243.6488953	29.8211256	41.8850239	57.2517826	0.5951615	-0.3123062	0.7404374	0.3741789	0.9231151	0.0885931	-0.7111771	0.2243288	0.6662610	0.0000000	245.9391174	300.0000000	1.0000000	0.0068603	2.0000000
30.0000000	117.4682007	408.1510010	152.1500244	21.4139619	24.4003002	55.6230382	0.6595641	-0.4821683	-0.5766186	0.2013728	0.8524470	-0.4824760	0.7241714	0.2021085	0.6593390	0.0000000	1445.2239990	300.0000000	1.0000000	0.0029741	2.0000000
31.0000000	121.6169586	269.8364868	362.2892151	87.2524017	-3.0416723	69.6886217	0.0589716	-0.4499848	-0.8910870	0.4262587	0.8185217	-0.3851309	0.9026771	-0.3571218	0.2400795	0.0000000	478.2403870	68.0000000	2.0000000	0.0009741	2.0000000
32.0000000	124.6669846	414.3700867	355.5015259	55.9667877	52.6321621	71.7173444	0.9772760	0.1978231	0.0761428	-0.2091371	0.9583965	0.1942624	-0.0345454	-0.2057723	0.9779900	0.0000000	152.1710968	34.0000000	2.0000000	0.0009982	2.0000000
33.0000000	126.6246185	447.0584717	286.1602478	50.8075326	38.6092751	66.0802444	0.9968742	0.0513299	0.0600588	-0.0550936	0.9965051	0.0627868	-0.0566261	-0.0658994	0.9962182	0.0000000	186.4425049	21.0000000	2.0000000	0.0009386	2.0000000
34.0000000	129.0326385	365.3161926	405.9490967	59.1210207	61.1693729	80.1219805	0.9749245	-0.2033557	-0.0903812	0.2127379	0.9708576	0.1103543	0.0653061	-0.1268147	0.9897743	0.0000000	296.0671387	47.0000000	2.0000000	0.0009444	2.0000000
35.0000000	129.4243469	321.1182251	259.1784058	44.5466221	34.4637802	89.2945992	0.9974486	0.0210260	0.0682219	-0.0325909	0.9843616	0.1731187	-0.0635151	-0.1749004	0.9825353	0.0000000	77.9902039	9.0000000	2.0000000	0.0009911	2.0000000
36.0000000	133.2521210	139.8887939	322.7072449	43.2498069	8.8125242	59.5943902	0.9734349	-0.2239636	-0.0475891	0.1988911	0.9300848	-0.3088438	0.1134316	0.2911743	0.9499215	0.0000000	1139.3937988	107.0000000	2.0000000	0.0009926	2.0000000
37.0000000	145.3034973	444.3895264	208.2132874	37.4702343	32.6700602	55.3987720	0.9681560	0.1025025	-0.2284013	-0.0526844	0.9753265	0.2143887	0.2447412	-0.1955286	0.9496685	0.0000000	321.6199951	20.0000000	2.0000000	0.0009344	2.0000000
38.0000000	140.5068665	302.1468506	141.6518097	82.3207913	11.0268379	42.0328309	0.4042145	-0.8384724	-0.3654786	0.1760084	0.4634125	-0.8684871	0.8975699	0.2867278	0.3348962	0.0000000	633.6839600	41.0000000	2.0000000	0.0009774	2.0000000
39.0000000	143.1637268	124.2688751	251.1722412	42.9146934	38.6708187	54.2715135	0.6794254	-0.3200206	-0.6602786	-0.1418928	0.8255842	-0.5461476	0.7198941	0.4647553	0.5155143	0.0000000	631.7614136	73.0000000	2.0000000	0.0009892	2.0000000
40.0000000	144.3949432	213.1161041	177.1622162	48.0126754	30.4585749	28.0731498	-0.5214989	0.5689377	0.6358842	0.8519208	0.3887994	0.3508077	-0.0476436	0.7246688	-0.6874483	0.0000000	760.3409424	300.0000000	1.0000000	0.0281087	2.0000000
41.0000000	149.5531769	293.6620178	423.5873413	60.3886154	29.9856743	65.9321805	0.5405282	-0.1615004	0.8256797	0.0199390	0.9835863	0.1793335	-0.8410896	-0.0804716	0.5348763	0.0000000	4826.1132812	300.0000000	1.0000000	0.0083319	2.0000000
42.0000000	156.0730133	142.0205688	183.6020813	65.9062223	49.4844723	63.6142830	0.6043128	-0.7668835	-0.2160921	0.7559214	0.6375619	-0.1486527	0.2517714	-0.0735159	0.9649905	0.0000000	394.2072144	96.0000000	2.0000000	0.0009854	2.0000000
43.0000000	158.3710480	228.5699615	253.1575775	20.6453859	5.4145903	31.8870572	0.9094785	0.3257029	-0.2583919	-0.4124483	0.6286518	-0.6593052	-0.0522991	0.7061972	0.7060809	0.0000000	419.1952515	40.0000000	2.0000000	0.0009472	2.0000000
44.0000000	161.1760101	220.3155365	330.1706238	65.6562159	-11.1895728	66.3518191	0.6421603	-0.7267486	-0.2438578	0.7438982	0.6675908	-0.0306279	0.1850560	-0.1617374	0.9693272	0.0000000	475.9491272	243.0000000	2.0000000	0.0009589	2.0000000
45.0000000	166.5447693	374.7467957	115.4273148	29.6961746	9.0771087	72.2497844	0.5175451	-0.1037097	-0.8493476	-0.0059000	0.9921714	-0.1247444	0.8556356	0.0695720	0.5128816	0.0000000	426.4099731	27.0000000	2.0000000	0.0009925	2.0000000
46.0000000	163.9471130	335.6652832	351.8960876	52.8379509	49.9707553	82.7739107	0.9969546	0.0253231	0.0737584	-0.0402189	0.9772819	0.2080928	-0.0668132	-0.2104255	0.9753241	0.0000000	58.3261375	11.0000000	2.0000000	0.0009032	2.0000000
47.0000000	168.2477875	356.0240173	183.8306122	38.8118003	18.5894618	80.5563285	0.9940839	0.0646605	0.0872708	-0.0822058	0.9730512	0.2154380	-0.0709886	-0.2213376	0.9726100	0.0000000	93.4116821	11.0000000	2.0000000	0.0009565	2.0000000
48.0000000	164.1508331	235.6579132	99.5060959	28.9483589	6.0282177	104.8618242	0.6334430	-0.7516045	-0.1839581	0.7719020	0.6303754	0.0824261	0.0540109	-0.1942099	0.9794720	0.0000000	2970.6591797	281.0000000	2.0000000	0.0009412	2.0000000
49.0000000	161.4541168	378.9472046	296.0127258	49.4123523	39.1402310	75.5158648	0.9960380	0.0379637	0.0804175	-0.0540792	0.9764512	0.2088502	-0.0705951	-0.2123716	0.9746356	0.0000000	58.8015289	11.0000000	2.0000000	0.0009761	2.0000000
50.0000000	168.7162170	223.7528534	410.7635498	40.7789154	44.9292034	24.0224117	0.9996088	-0.0279075	0.0018567	0.0279124	0.9996069	-0.0026401	-0.0017823	0.0026909	0.9999948	0.0000000	3074.0395508	300.0000000	1.0000000	0.0189945	2.0000000
51.0000000	176.1665039	285.0473633	300.8459473	46.8018698	40.5456965	91.5661435	0.9956481	0.0220558	0.0905450	-0.0377352	0.9837913	0.1753020	-0.0852110	-0.1779558	0.9803422	0.0000000	53.4115448	8.0000000	2.0000000	0.0008094	2.0000000
52.0000000	175.6072693	165.7587433	372.1011353	52.7755247	43.0850708	26.2394548	0.9906564	0.1297420	0.0420357	-0.1216935	0.9800712	-0.1570065	-0.0615684	0.1504240	0.9867026	0.0000000	1173.9383545	31.0000000	2.0000000	0.0009884	2.0000000
53.0000000	184.6647797	270.8286438	190.6701355	107.1406200	9.6805206	89.9107922	0.9952858	-0.0969846	0.0004079	0.0731122	0.7530498	0.6538889	-0.0637243	-0.6507765	0.7565905	0.0000000	3133.6750488	287.0000000	2.0000000	0.0007860	2.0000000
54.0000000	185.9795837	442.2792664	327.5487366	53.5497797	43.0630077	61.5892054	0.9948250	0.0431315	0.0919939	-0.0613396	0.9767597	0.2053728	-0.0809979	-0.2099529	0.9743506	0.0000000	47.6954994	10.0000000	2.0000000	0.0009567	2.0000000
55.0000000	186.1762543	170.1566772	284.9967346	60.8945490	-13.4701787	63.0442889	0.9556739	0.0610097	-0.2880367	-0.2537913	0.6666321	-0.7008507	0.1492558	0.7428859	0.6525666	0.0000000	438.5224915	44.0000000	2.0000000	0.0009909	2.0000000
56.0000000	189.6682892	400.2383423	386.2491150	57.4808884	54.1121498	68.1269971	0.9948713	0.0245535	0.0981235	-0.0444946	0.9774244	0.2065473	-0.0908368	-0.2098539	0.9735040	0.0000000	48.1463242	7.0000000	2.0000000	0.0007272	2.0000000
57.0000000	196.1255493	327.1050720	246.5075836	42.9164969	28.9241786	83.1340759	0.9960136	0.0320328	0.0832514	-0.0476499	0.9800436	0.1929871	-0.0754081	-0.1961847	0.9776631	0.0000000	52.1504936	6.0000000	2.0000000	0.0009023	2.0000000
58.0000000	193.7606506	180.7083435	135.2884674	29.4891378	12.3397332	111.5321028	0.9867667	-0.1109069	-0.1182843	0.1263323	0.9831573	0.1320680	0.1016449	-0.1452635	0.9841579	0.0000000	3510.0693359	60.0000000	2.0000000	0.0009656	2.0000000
59.0000000	192.5638580	311.4858093	95.2068634	29.7732011	2.3202046	89.0793877	0.9982396	0.0197022	-0.0559426	-0.0112655	0.9890277	0.1473000	0.0582310	-0.1464104	0.9875086	0.0000000	189.1054535	22.0000000	2.0000000	0.0009431	2.0000000
60.0000000	192.5468292	394.0496826	235.5372925	44.0007611	26.7079695	71.2505749	0.9960534	0.0366173	0.0808505	-0.0503894	0.9831902	0.1754934	-0.0730653	-0.1788748	0.9811551	0.0000000	54.8618431	6.0000000	2.0000000	0.0006821	2.0000000
61.0000000	195.4846649	421.5517883	159.6468353	35.6746820	14.4254224	64.5286398	0.9893198	0.1405208	0.0387338	-0.1448565	0.9773939	0.1540059	-0.0162171	-0.1579719	0.9873104	0.0000000	77.5470886	21.0000000	2.0000000	0.0009725	2.0000000
62.0000000	194.3100281	457.6692505	260.3804016	48.2003123	30.1492127	59.5274428	0.9961271	0.0472468	0.0741521	-0.0590957	0.9842255	0.1667569	-0.0651037	-0.1704931	0.9832058	0.0000000	55.0197868	7.0000000	2.0000000	0.0009137	2.0000000
63.0000000	195.5314026	273.6673279	367.1987305	14.2526180	-6.3369387	66.1486991	0.9927191	0.1051224	-0.0588058	-0.0606115	0.8578516	0.5103107	0.1040917	-0.5030308	0.8579772	0.0000000	1716.2521973	123.0000000	2.0000000	0.0007613	2.0000000
64.0000000	200.7396698	342.5804138	422.3237915	74.3806139	-7.8234336	95.4694794	0.9995601	0.0178083	0.0237160	-0.0111099	0.9662633	-0.2573165	-0.0274983	0.2569398	0.9660361	0.0000000	668.5093384	14.0000000	2.0000000	0.0009838	2.0000000
65.0000000	211.1982727	128.0813446	228.2823792	73.8580235	36.4944135	58.8479623	0.9893834	-0.1280189	0.0687864	0.1414652	0.9567819	-0.2540786	-0.0332867	0.2611120	0.9647344	0.0000000	1193.9992676	64.0000000	2.0000000	0.0009341	2.0000000
66.0000000	217.7025299	272.6192017	430.4001770	57.1435311	61.4727494	87.9224939	0.9967048	0.0121195	0.0802033	-0.0257252	0.9849602	0.1708556	-0.0769264	-0.1723558	0.9820264	0.0000000	224.1209259	14.0000000	2.0000000	0.0009651	2.0000000
67.0000000	215.4452209	203.6548309	199.4399414	75.2070364	0.1403691	29.9964989	0.9689140	-0.0003148	0.2473974	-0.0379096	0.9880003	0.1497272	-0.2444758	-0.1544515	0.9572755	0.0000000	783.7387695	100.0000000	2.0000000	0.0009902	2.0000000
68.0000000	220.5872192	257.7391968	249.9424744	71.6493982	23.2018268	30.2836370	0.8299537	0.5559493	-0.0457963	-0.4992877	0.7037299	-0.5054464	-0.2487743	0.4423626	0.8616418	0.0000000	235.0832520	14.0000000	2.0000000	0.0009719	2.0000000
69.0000000	228.5850525	374.5591125	296.6615906	48.7816179	36.0875420	70.7789798	0.9952672	0.0383039	0.0893087	-0.0535650	0.9830551	0.1753095	-0.0810803	-0.1792637	0.9804542	0.0000000	52.9758377	6.0000000	2.0000000	0.0007103	2.0000000
70.0000000	225.6937561	319.3822937	161.3613586	35.1158120	12.5294937	83.9360463	0.9955093	0.0353497	0.0878154	-0.0501483	0.9837316	0.1725033	-0.0802888	-0.1761324	0.9810867	0.0000000	52.1892281	5.0000000	2.0000000	0.0007718	2.0000000
71.0000000	225.6521759	257.4731140	124.8441849	67.2329087	56.5408900	59.9401209	0.7197292	0.4366049	-0.5397833	-0.6551700	0.6843373	-0.3200543	0.2296565	0.5840023	0.7785880	0.0000000	415.3261414	200.0000000	2.0000000	0.0008554	2.0000000
72.0000000	233.3800507	214.8500214	323.6795044	55.9398408	-0.9468766	38.4302771	0.9766826	0.1589429	-0.1443203	-0.0880215	0.9095928	0.4060704	0.1958147	-0.3838986	0.9023738	0.0000000	424.3760681	120.0000000	2.0000000	0.0009870	2.0000000
73.0000000	235.8590240	337.4817200	357.2500000	52.5542495	47.2775647	76.4303584	0.9952204	0.0236501	0.0947475	-0.0411338	0.9814838	0.1870765	-0.0885688	-0.1900797	0.9777655	0.0000000	50.4715652	6.0000000	2.0000000	0.0009221	2.0000000
74.0000000	237.0715332	376.4570923	122.8691025	35.3406421	5.1637347	74.0451453	0.5425777	-0.7319829	-0.4120806	0.7987740	0.6014035	-0.0165504	0.2599413	-0.3201794	0.9109971	0.0000000	393.1563110	51.0000000	2.0000000	0.0009897	2.0000000
75.0000000	237.8596954	202.8651428	408.9761047	55.8696667	-1.2443336	59.5664482	0.9366651	0.2143675	0.2769568	-0.1199136	0.9392941	-0.3214769	-0.3290581	0.2679053	0.9055095	0.0000000	771.1516113	45.0000000	2.0000000	0.0009997	2.0000000
76.0000000	245.9681854	151.6737976	359.2241821	38.3700549	10.2706923	49.4962412	0.9869714	-0.0009124	0.1608934	0.0510501	0.9500903	-0.3077699	-0.1525824	0.3119737	0.9377585	0.0000000	600.3610840	23.0000000	2.0000000	0.0009967	2.0000000
77.0000000	243.1893921	380.6152649	190.2303925	39.2935919	16.2460261	70.8045331	0.9963936	0.0375685	0.0760818	-0.0508606	0.9821464	0.1811122	-0.0679193	-0.1843286	0.9805151	0.0000000	58.7864189	5.0000000	2.0000000	0.0006661	2.0000000
78.0000000	243.8462372	122.9415512	292.6022339	75.5611690	27.6347162	54.6708939	0.9968362	0.0642234	0.0468284	-0.0531376	0.9766273	-0.2082677	-0.0591095	0.2051204	0.9769502	0.0000000	165.6415253	21.0000000	2.0000000	0.0009492	2.0000000
79.0000000	247.8606567	447.2952271	207.6971436	42.8834209	18.1578168	57.8758776	0.9963961	0.0353708	0.0770950	-0.0461782	0.9886086	0.1432500	-0.0711499	-0.1462939	0.9866792	0.0000000	57.7754211	7.0000000	2.0000000	0.0009506	2.0000000
80.0000000	250.0901642	182.9671783	256.7541809	77.3744740	37.4217028	43.2997179	0.4724987	0.0818739	-0.8775202	-0.4125365	0.9004091	-0.1381198	0.7788187	0.4272706	0.4592181	0.0000000	169.9885864	20.0000000	2.0000000	0.0009622	2.0000000
81.0000000	256.0747375	436.2829590	345.5815125	54.3551106	42.7791934	56.5713011	0.9952629	0.0336738	0.0912021	-0.0513236	0.9787119	0.1987179	-0.0825690	-0.2024574	0.9758040	0.0000000	47.5587234	9.0000000	2.0000000	0.0007610	2.0000000
82.0000000	256.5559692	262.2978516	188.6000824	35.5337152	16.7321062	91.1630786	0.9964962	0.0334530	0.0766568	-0.0463422	0.9838158	0.1730861	-0.0696260	-0.1760321	0.9819190	0.0000000	50.9084015	10.0000000	2.0000000	0.0007744	2.0000000
83.0000000	259.8991394	391.1013794	399.0230713	57.7460503	52.8082453	63.5861521	0.9951323	0.0407461	0.0897305	-0.0572883	0.9800520	0.1903054	-0.0801863	-0.1945196	0.9776156	0.0000000	43.1071548	6.0000000	2.0000000	0.0007631	2.0000000
84.0000000	254.2144165	148.2098846	174.2860260	35.0112736	55.3672473	55.3766626	0.8904824	0.1880958	-0.4143201	-0.2188506	0.9753690	-0.0275627	0.3989306	0.1152183	0.9097138	0.0000000	426.6795044	51.0000000	2.0000000	0.0009529	2.0000000
85.0000000	262.3400574	196.9455109	126.1724930	67.4610640	54.5673814	72.5890514	0.6292378	-0.1177554	0.7682405	-0.5886722	0.5731882	0.5700179	-0.5074691	-0.8109186	0.2913523	0.0000000	391.6723022	300.0000000	1.0000000	0.0398405	2.0000000
86.0000000	262.9013367	454.5486755	277.8489990	48.9162648	29.8781019	54.3673571	0.9958349	0.0183864	0.0893022	-0.0335990	0.9845295	0.1719675	-0.0847588	-0.1742517	0.9810465	0.0000000	51.7265854	6.0000000	2.0000000	0.0009882	2.0000000
87.0000000	262.2883911	323.5708923	225.8291473	40.7410870	22.6547587	78.7845400	0.9956523	0.0404040	0.0839289	-0.0538272	0.9849231	0.1644051	-0.0760209	-0.1682079	0.9828158	0.0000000	53.5460663	6.0000000	2.0000000	0.0007234	2.0000000
88.0000000	264.3856812	273.3006897	359.7037964	50.7315671	47.0140060	84.9157746	0.9955576	0.0148935	0.0929693	-0.0320187	0.9821154	0.1855376	-0.0885433	-0.1876901	0.9782293	0.0000000	49.7740021	5.0000000	2.0000000	0.0008980	2.0000000
89.0000000	269.3547363	325.2264709	429.9176941	72.0495559	-13.2399323	87.4241785	0.6334440	0.7695881	-0.0805161	-0.7134629	0.5406101	-0.4457705	-0.2995318	0.3398159	0.8915188	0.0000000	639.6486816	300.0000000	1.0000000	0.0026812	2.0000000
90.0000000	265.0498657	312.8486023	103.3284454	29.7142521	0.7444815	82.8923605	0.9945940	0.0291394	0.0996676	-0.0471819	0.9818347	0.1837783	-0.0925019	-0.1874873	0.9779018	0.0000000	47.4281960	6.0000000	2.0000000	0.0009230	2.0000000
91.0000000	266.7954102	311.1977844	297.7517395	46.5787266	35.5951770	79.4866305	0.9964076	0.0240178	0.0812102	-0.0391063	0.9810699	0.1896641	-0.0751176	-0.1921586	0.9784848	0.0000000	51.8384590	6.0000000	2.0000000	0.0009636	2.0000000
92.0000000	283.9727173	124.3539352	234.0054932	75.2260103	31.5653424	56.1428716	0.4685183	0.8763170	0.1120675	-0.8781779	0.4758007	-0.0491650	-0.0964059	-0.0753805	0.9924836	0.0000000	590.3499146	140.0000000	2.0000000	0.0009866	2.0000000
93.0000000	284.2751160	252.8293304	430.4264832	55.8625119	58.8214129	85.7763574	0.9961579	0.0630095	0.0608213	-0.0735319	0.9790051	0.1901107	-0.0475656	-0.1938525	0.9798769	0.0000000	182.4856720	12.0000000	2.0000000	0.0008726	2.0000000
94.0000000	278.6485596	391.3204346	249.5316467	44.4985911	24.9262607	64.6224002	0.9959980	0.0228419	0.0864071	-0.0374705	0.9844405	0.1716766	-0.0811413	-0.1742272	0.9813567	0.0000000	50.8136520	6.0000000	2.0000000	0.0007505	2.0000000
95.0000000	283.2888794	243.1388245	278.5151672	42.8216713	32.6505052	90.7045019	0.9963046	0.0185051	0.0838726	-0.0344591	0.9805975	0.1929797	-0.0786741	-0.1951568	0.9776115	0.0000000	52.0929451	6.0000000	2.0000000	0.0007102	2.0000000
96.0000000	296.3455200	381.4753723	317.1326904	49.9489054	36.5679330	63.7012430	0.9962789	0.0294217	0.0810107	-0.0441338	0.9815015	0.1862979	-0.0740309	-0.1891800	0.9791478	0.0000000	63.7057648	5.0000000	2.0000000	0.0005849	2.0000000
97.0000000	291.5591125	200.7803955	201.6218109	74.1986053	59.9096810	57.1139578	0.9441795	0.2957700	0.1450697	-0.2277152	0.9041827	-0.3613853	-0.2380565	0.3081780	0.9210621	0.0000000	771.3372803	252.0000000	2.0000000	0.0009195	2.0000000
98.0000000	300.7267456	216.9049072	342.5956421	60.3683294	-2.5542908	31.6620628	0.6995292	0.0682653	0.7113359	0.0660795	0.9849824	-0.1595092	-0.7115423	0.1585860	0.6845130	0.0000000	941.9688110	300.0000000	1.0000000	0.8535792	2.0000000
99.0000000	299.4456482	418.2716064	168.8739166	38.2691441	9.1799532	59.6857353	0.9960923	0.0234972	0.0851356	-0.0375790	0.9851063	0.1677897	-0.0799251	-0.1703333	0.9821398	0.0000000	49.3357735	7.0000000	2.0000000	0.0008035	2.0000000
100.0000000	309.1573486	364.5543213	125.2415085	32.8090448	1.6648638	69.8141957	0.9977742	0.0327476	0.0580891	-0.0433365	0.9805134	0.1916128	-0.0506822	-0.1937037	0.9797501	0.0000000	55.2920837	5.0000000	2.0000000	0.0008838	2.0000000
101.0000000	301.7135925	250.8440094	107.4223785	28.3312023	1.2133791	91.6171532	0.9972257	0.0289072	0.0685943	-0.0410510	0.9822848	0.1828425	-0.0620937	-0.1851511	0.9807464	0.0000000	64.6691513	8.0000000	2.0000000	0.0008968	2.0000000
102.0000000	301.6268616	311.5352478	168.8136749	35.0866274	10.6997918	79.3013086	0.9962655	0.0290234	0.0813187	-0.0427882	0.9839885	0.1730195	-0.0749951	-0.1758528	0.9815557	0.0000000	53.3509712	6.0000000	2.0000000	0.0009453	2.0000000
103.0000000	309.4675293	128.0311127	320.7927551	77.8899282	19.4784002	48.8325679	0.9932376	0.0452294	0.1069273	-0.0192000	0.9723041	-0.2329294	-0.1145011	0.2293012	0.9665974	0.0000000	552.0147095	33.0000000	2.0000000	0.0009477	2.0000000
104.0000000	314.7238464	163.3877411	384.4033203	38.0710898	5.9961662	44.8384725	0.9982841	0.0003246	-0.0585562	-0.0156185	0.9652341	-0.2609198	0.0564358	0.2613866	0.9635829	0.0000000	266.8725891	32.0000000	2.0000000	0.0009997	2.0000000
105.0000000	318.3147278	448.8905640	234.5340271	44.4982913	19.2173450	51.8621971	0.9949032	-0.0010677	0.1008290	-0.0159031	0.9857678	0.1673587	-0.0995726	-0.1681092	0.9807266	0.0000000	79.7330322	10.0000000	2.0000000	0.0009578	2.0000000
106.0000000	320.6952209	183.0144958	271.9754333	40.6537899	30.7287310	96.9257466	0.8257049	0.5571158	-0.0885066	-0.0154958	0.1792400	0.9836833	0.5638895	-0.8108606	0.1566323	0.0000000	968.0858154	300.0000000	1.0000000	0.0041970	2.0000000
107.0000000	319.9877014	421.1193542	372.5505066	55.7588665	44.6036522	53.8214410	0.9955058	0.0227709	0.0919224	-0.0384725	0.9841971	0.1728466	-0.0865338	-0.1756063	0.9806499	0.0000000	161.3155518	5.0000000	2.0000000	0.0008789	2.0000000
108.0000000	321.3161926	282.9861450	232.4253387	39.6510242	21.6302833	81.4113046	0.9960531	0.0255479	0.0850030	-0.0409696	0.9818906	0.1849659	-0.0787382	-0.1877184	0.9790618	0.0000000	54.7965813	5.0000000	2.0000000	0.0006382	2.0000000
109.0000000	324.0122986	368.2560730	420.3685913	58.3945868	53.4158797	62.2756365	0.9949952	0.0271697	0.0961582	-0.0451750	0.9806753	0.1903552	-0.0891281	-0.1937465	0.9769946	0.0000000	183.5479736	4.0000000	2.0000000	0.0008381	2.0000000
110.0000000	330.6292114	445.4425354	305.8851929	50.8297564	32.1451955	49.9309365	0.9955948	0.0406512	0.0844899	-0.0554894	0.9818295	0.1814711	-0.0755777	-0.1853600	0.9797600	0.0000000	93.2135620	5.0000000	2.0000000	0.0009948	2.0000000
111.0000000	331.5457153	192.5615540	134.2554016	70.2937617	57.0083078	63.7752786	0.9851297	-0.1125595	-0.1298070	0.0713527	0.9553091	-0.2868680	0.1562955	0.2733401	0.9491348	0.0000000	393.8532104	124.0000000	2.0000000	0.0009491	2.0000000
112.0000000	332.3546143	267.9714966	379.3969421	51.9591555	47.5277236	80.1251123	0.9945861	0.0324281	0.0987266	-0.0490579	0.9840504	0.1709917	-0.0916070	-0.1749093	0.9803137	0.0000000	69.5788651	7.0000000	2.0000000	0.0008429	2.0000000
113.0000000	327.1823730	143.7821045	183.2715912	32.7514315	54.2043184	50.7394189	0.9882303	-0.1097741	0.1065385	0.1519144	0.7860473	-0.5992091	-0.0179667	0.6083414	0.7934721	0.0000000	289.7279053	146.0000000	2.0000000	0.0009017	2.0000000
114.0000000	338.2460022	301.6254883	441.2768555	58.7017507	57.8388344	72.3525440	0.9938125	0.0357246	0.1051684	-0.0575469	0.9754777	0.2124422	-0.0950000	-0.2171798	0.9714978	0.0000000	134.8960571	14.0000000	2.0000000	0.0007389	2.0000000
115.0000000	332.4409180	335.7222900	359.4123230	52.3124217	43.6123537	68.8068608	0.9960175	0.0199789	0.0868912	-0.0360325	0.9816366	0.1873266	-0.0815530	-0.1897115	0.9784471	0.0000000	65.3040085	9.0000000	2.0000000	0.0009794	2.0000000
116.0000000	332.5848389	249.5046844	170.9967499	33.3339006	10.7213507	87.6622030	0.9967014	0.0266524	0.0766555	-0.0400225	0.9831132	0.1785684	-0.0706017	-0.1810473	0.9809369	0.0000000	58.2149010	5.0000000	2.0000000	0.0008365	2.0000000
117.0000000	334.9941711	328.4264832	285.8815002	45.4535353	29.7981685	71.4613776	0.9958358	0.0230545	0.0882018	-0.0380936	0.9842137	0.1728359	-0.0828248	-0.1754761	0.9809935	0.0000000	63.3713608	5.0000000	2.0000000	0.0007135	2.0000000
118.0000000	341.2391663	363.2875671	195.5560608	38.8378105	13.1980048	65.9612508	0.9961228	0.0303724	0.0825640	-0.0451183	0.9820622	0.1830798	-0.0755224	-0.1860951	0.9796249	0.0000000	53.4108658	6.0000000	2.0000000	0.0006051	2.0000000
119.0000000	347.9676819	391.6105042	258.1386108	45.1025369	23.5155625	58.9885845	0.9960835	0.0322435	0.0823292	-0.0466022	0.9827553	0.1789421	-0.0751398	-0.1820780	0.9804089	0.0000000	54.6295128	5.0000000	2.0000000	0.0006136	2.0000000
120.0000000	350.1933289	119.6092529	261.0528564	74.8257228	31.4072341	46.8739976	0.9965888	0.0642263	0.0518239	-0.0511821	0.9736168	-0.2223751	-0.0647389	0.2189641	0.9735829	0.0000000	354.6114197	23.0000000	2.0000000	0.0009498	2.0000000
121.0000000	344.3141479	215.3695068	425.5106812	41.9418349	10.4680313	64.7935200	0.7739972	-0.5956422	0.2147993	0.6328197	0.7392609	-0.2302879	-0.0216235	0.3141714	0.9491200	0.0000000	3189.8410645	300.0000000	1.0000000	0.0053566	2.0000000
122.0000000	347.0045471	262.7044373	310.2598572	45.8862035	35.0233169	81.3366613	0.9961162	0.0174945	0.0862924	-0.0316351	0.9857295	0.1653376	-0.0821685	-0.1674253	0.9824546	0.0000000	55.6784019	8.0000000	2.0000000	0.0009498	2.0000000
123.0000000	344.2567444	309.0268860	106.2877274	29.4982109	-1.9298193	77.6429771	0.9974373	0.0260515	0.0666337	-0.0370847	0.9847243	0.1701255	-0.0611838	-0.1721607	0.9831669	0.0000000	72.8713455	6.0000000	2.0000000	0.0007926	2.0000000
124.0000000	361.8223572	198.1544647	207.5774994	34.8750392	17.0000187	94.3360157	0.9949421	0.0293518	0.0960657	-0.0465379	0.9822185	0.1818819	-0.0890190	-0.1854327	0.9786165	0.0000000	54.0030518	10.0000000	2.0000000	0.0009557	2.0000000
125.0000000	362.0353394	193.7414703	328.6755676	70.1975026	11.4049134	35.5774475	0.9950676	-0.0513412	-0.0848799	0.0991876	0.5281177	0.8433585	0.0015276	-0.8476177	0.5306052	0.0000000	259.1820984	300.0000000	1.0000000	0.0129865	2.0000000
126.0000000	369.2277222	427.6736450	188.3479919	39.7341153	9.2570419	52.5139056	0.9969144	0.0265837	0.0738584	-0.0384385	0.9857031	0.1640482	-0.0684415	-0.1663810	0.9836835	0.0000000	49.2349396	7.0000000	2.0000000	0.0009400	2.0000000
127.0000000	372.9859924	307.1153870	167.3463745	34.3965308	7.2535866	74.3891010	0.9958709	0.0284728	0.0862001	-0.0439978	0.9819486	0.1839597	-0.0794062	-0.1869927	0.9791468	0.0000000	51.0881386	5.0000000	2.0000000	0.0008511	2.0000000
128.0000000	381.9550171	126.3059006	325.9694519	75.8852045	17.1124103	41.2537178	0.9805861	-0.1849143	0.0652508	0.1950326	0.8852229	-0.4223065	0.0203290	0.4268339	0.9041015	0.0000000	327.0789795	207.0000000	2.0000000	0.0009938	2.0000000
129.0000000	373.8590698	251.3320160	111.8181152	28.3764684	-1.2330487	84.8863856	0.9964605	0.0350303	0.0764155	-0.0485552	0.9819060	0.1830381	-0.0686209	-0.1861006	0.9801315	0.0000000	51.5803833	11.0000000	2.0000000	0.0009008	2.0000000
130.0000000	376.1464233	375.0727234	319.1356506	49.4301484	32.9826696	58.3652509	0.9967890	0.0361725	0.0714374	-0.0484141	0.9828637	0.1778625	-0.0637795	-0.1807500	0.9814589	0.0000000	53.5890312	5.0000000	2.0000000	0.0006636	2.0000000
131.0000000	381.3809204	375.0632629	137.4790802	33.8335602	0.4846563	61.7663932	0.9959804	0.0296547	0.0845202	-0.0444586	0.9828330	0.1790609	-0.0777592	-0.1820988	0.9802008	0.0000000	51.8677940	6.0000000	2.0000000	0.0004518	2.0000000
132.0000000	385.5751038	160.5914459	389.2604370	39.5442343	3.9935964	40.5272553	0.9843167	0.1533618	0.0871820	-0.1042616	0.9043931	-0.4137663	-0.1423028	0.3981874	0.9061991	0.0000000	510.8510437	83.0000000	2.0000000	0.0009932	2.0000000
133.0000000	382.2703247	250.2075806	252.6296387	40.3666325	23.5141101	81.9525500	0.9965976	0.0239807	0.0788553	-0.0375458	0.9837927	0.1753346	-0.0733726	-0.1776987	0.9813458	0.0000000	55.9173241	6.0000000	2.0000000	0.0004527	2.0000000
134.0000000	383.9300537	399.4394531	399.5371399	57.1468053	47.0624687	52.3004944	0.9957785	0.0281855	0.0873544	-0.0445943	0.9803777	0.1920182	-0.0802282	-0.1951031	0.9774959	0.0000000	47.7460556	6.0000000	2.0000000	0.0007869	2.0000000
135.0000000	380.5802002	318.1888733	234.0391388	40.5072144	18.9859407	70.5750265	0.9959956	0.0455896	0.0769044	-0.0597443	0.9793404	0.1931914	-0.0665081	-0.1970124	0.9781425	0.0000000	58.1428452	9.0000000	2.0000000	0.0009783	2.0000000
136.0000000	392.7157593	178.3654938	268.9376221	39.2681721	26.6227769	94.3486672	0.9959499	0.0287120	0.0852026	-0.0438793	0.9823415	0.1818785	-0.0784760	-0.1848805	0.9796227	0.0000000	53.0760803	12.0000000	2.0000000	0.0009267	2.0000000
137.0000000	391.9147949	135.0800323	204.1970673	32.4651908	44.7614707	40.7356474	0.0011630	-0.9681911	-0.2502092	0.5666896	0.2067934	-0.7975584	0.8239306	-0.1408634	0.5489043	0.0000000	225.3873444	114.0000000	2.0000000	0.0009828	2.0000000
138.0000000	397.2578735	177.7030945	150.0816803	30.4828357	6.7566800	96.0613698	0.9952746	0.0335915	0.0911052	-0.0517265	0.9774607	0.2046828	-0.0821761	-0.2084281	0.9745793	0.0000000	174.9064331	300.0000000	1.0000000	0.0031304	2.0000000
139.0000000	391.5866394	229.5619812	377.4323730	50.1038207	45.0569342	82.7237160	0.9957918	0.0332159	0.0854129	-0.0493477	0.9796936	0.1943331	-0.0772235	-0.1977302	0.9772100	0.0000000	54.0383835	9.0000000	2.0000000	0.0009761	2.0000000
140.0000000	395.0086060	440.0172729	342.2139587	53.2364590	35.7300702	45.1102097	0.9948900	0.0322504	0.0956757	-0.0491370	0.9824787	0.1797808	-0.0882013	-0.1835633	0.9790429	0.0000000	49.9796524	6.0000000	2.0000000	0.0008111	2.0000000
141.0000000	397.5442505	299.6443176	373.8819580	51.9851216	43.4917172	69.7844246	0.9966754	0.0269544	0.0768874	-0.0404304	0.9829258	0.1795057	-0.0707361	-0.1820175	0.9807477	0.0000000	53.2744484	6.0000000	2.0000000	0.0008680	2.0000000
142.0000000	398.3214417	451.0245667	271.1937561	47.4755532	22.6140224	43.8926920	0.9970799	0.0222652	0.0730470	-0.0343227	0.9851521	0.1682179	-0.0682170	-0.1702338	0.9830396	0.0000000	49.7236290	5.0000000	2.0000000	0.0007802	2.0000000
143.0000000	398.1207581	261.6050720	445.0500183	82.9520823	-7.3507041	66.7486628	0.9341890	-0.3523833	-0.0558303	0.3441131	0.9312500	-0.1198316	0.0942186	0.0927334	0.9912232	0.0000000	296.1379700	82.0000000	2.0000000	0.0009893	2.0000000
144.0000000	399.1116943	309.0419617	298.4966431	45.6379269	29.5324690	68.8410874	0.9957118	0.0274612	0.0883401	-0.0433456	0.9821070	0.1832676	-0.0817267	-0.1863109	0.9790858	0.0000000	58.3311882	6.0000000	2.0000000	0.0008994	2.0000000
145.0000000	404.2606201	243.0771027	172.6272736	32.7473828	7.7488286	83.3754406	0.9967982	0.0208307	0.0771979	-0.0344473	0.9831544	0.1795015	-0.0721583	-0.1815861	0.9807241	0.0000000	53.6985092	7.0000000	2.0000000	0.0007287	2.0000000
146.0000000	402.1965942	339.7392273	436.2823486	58.5887206	53.4404636	60.5998944	0.9957201	0.0295331	0.0875743	-0.0460546	0.9800938	0.1931195	-0.0801277	-0.1963262	0.9772592	0.0000000	47.6153107	5.0000000	2.0000000	0.0007707	2.0000000
147.0000000	413.9164734	387.2447205	236.8234711	42.2927581	16.3868379	55.7310983	0.9961942	0.0265151	0.0830305	-0.0416020	0.9817392	0.1856273	-0.0765923	-0.1883751	0.9791059	0.0000000	52.1383667	6.0000000	2.0000000	0.0006816	2.0000000
148.0000000	416.2683105	242.3807526	313.7283630	45.0790026	33.1272075	80.0565405	0.9958194	0.0302722	0.0861817	-0.0461610	0.9809252	0.1888249	-0.0788216	-0.1920137	0.9782218	0.0000000	55.9822388	6.0000000	2.0000000	0.0007646	2.0000000
149.0000000	421.2749329	117.3322296	263.1287842	37.1098322	25.7646642	102.3145916	0.9977400	0.0241797	0.0626920	-0.0341662	0.9859547	0.1634806	-0.0578585	-0.1652531	0.9845526	0.0000000	401.7667542	48.0000000	2.0000000	0.0009981	2.0000000
150.0000000	425.7980347	320.6354980	120.2184982	30.6135742	-3.3534797	68.6807930	0.9961075	0.0307777	0.0825985	-0.0447758	0.9838358	0.1733844	-0.0759270	-0.1764079	0.9813844	0.0000000	46.6635628	6.0000000	2.0000000	0.0006240	2.0000000
151.0000000	426.5569153	200.7632446	427.8251953	53.7051781	53.3093082	83.5327774	0.9970063	0.0181525	0.0751591	-0.0315666	0.9829126	0.1813459	-0.0705829	-0.1831755	0.9805431	0.0000000	49.0300026	9.0000000	2.0000000	0.0009006	2.0000000
152.0000000	432.1173096	408.7760315	169.0412903	37.2920477	3.6178351	51.2648847	0.9961367	0.0325108	0.0815761	-0.0452997	0.9860463	0.1601892	-0.0752299	-0.1632657	0.9837097	0.0000000	48.2185631	9.0000000	2.0000000	0.0008172	2.0000000
153.0000000	431.1913757	342.0005188	188.0215454	36.8986765	7.5918735	62.7105719	0.9963135	0.0176936	0.0839428	-0.0327105	0.9829285	0.1810566	-0.0793063	-0.1831350	0.9798837	0.0000000	52.2854767	7.0000000	2.0000000	0.0008350	2.0000000
154.0000000	435.8829956	183.4190216	345.1472168	45.9452584	38.5618430	88.4820829	0.9960320	0.0288523	0.0841888	-0.0438970	0.9821810	0.1827389	-0.0774162	-0.1857095	0.9795503	0.0000000	50.4300270	5.0000000	2.0000000	0.0009933	2.0000000
155.0000000	434.6985474	362.0381775	360.8094788	52.5228717	38.6888733	55.4688915	0.9959163	0.0376442	0.0820593	-0.0522165	0.9816502	0.1834019	-0.0736495	-0.1869378	0.9796071	0.0000000	52.5958633	6.0000000	2.0000000	0.0008850	2.0000000
156.0000000	441.0386047	280.4001465	220.6448822	38.0297611	14.4966632	72.7157088	0.9971053	0.0218537	0.0728252	-0.0347220	0.9829746	0.1804308	-0.0676422	-0.1824371	0.9808880	0.0000000	56.1784325	11.0000000	2.0000000	0.0008375	2.0000000
157.0000000	450.5033264	118.8041534	322.6776123	72.6948912	18.1991758	35.5101839	0.0202424	-0.9492679	-0.3138163	0.8089493	-0.1689013	0.5630927	-0.5875298	-0.2652598	0.7644906	0.0000000	859.2010498	300.0000000	1.0000000	0.0013854	2.0000000
158.0000000	443.9430542	220.9789886	253.9668579	39.3309910	21.6484422	82.3211250	0.9963543	0.0164515	0.0837103	-0.0309912	0.9839939	0.1754865	-0.0794835	-0.1774410	0.9809164	0.0000000	53.3390579	5.0000000	2.0000000	0.0007748	2.0000000
159.0000000	453.8569336	162.4862518	219.8482361	59.4574249	30.8198859	63.0123220	0.9611886	0.0265158	0.2746149	-0.0670191	0.9879969	0.1391784	-0.2676283	-0.1521811	0.9514284	0.0000000	2444.8842773	83.0000000	2.0000000	0.0009848	2.0000000
160.0000000	458.4163208	250.4505005	387.5834045	51.5463869	44.2921149	73.4516665	0.9958517	0.0271807	0.0868361	-0.0434921	0.9804538	0.1918820	-0.0799233	-0.1948627	0.9775688	0.0000000	53.5488205	8.0000000	2.0000000	0.0009613	2.0000000
161.0000000	454.4224243	254.8183136	118.6135178	28.5043976	-3.8043502	78.0004340	0.9962394	0.0190691	0.0845186	-0.0346020	0.9818776	0.1863307	-0.0794338	-0.1885545	0.9788450	0.0000000	50.2469940	5.0000000	2.0000000	0.0006950	2.0000000
162.0000000	460.7964172	428.7734070	369.0988770	54.7890801	37.6581549	41.3763427	0.9954934	0.0308295	0.0896799	-0.0469963	0.9817688	0.1841776	-0.0823668	-0.1875622	0.9787932	0.0000000	52.0151939	7.0000000	2.0000000	0.0009984	2.0000000
163.0000000	461.2658691	203.5314331	164.8849640	21.2536172	46.5978041	32.2165380	0.9176512	-0.3891375	0.0805496	0.3964108	0.9105923	-0.1169620	-0.0278335	0.1392611	0.9898645	0.0000000	408.0150452	48.0000000	2.0000000	0.0009861	2.0000000
164.0000000	459.4213562	299.8572693	446.3487549	58.0173237	53.5767163	63.2047809	0.9957189	0.0290956	0.0877346	-0.0444047	0.9830369	0.1779512	-0.0810687	-0.1810852	0.9801204	0.0000000	45.1206665	5.0000000	2.0000000	0.0006606	2.0000000
165.0000000	458.4364014	297.0029602	333.3101501	48.0275262	33.4383644	65.7831396	0.9964760	0.0299946	0.0783326	-0.0435096	0.9832504	0.1769902	-0.0717118	-0.1797747	0.9810904	0.0000000	53.8984451	5.0000000	2.0000000	0.0008517	2.0000000
166.0000000	458.9184570	333.4273376	271.2929688	43.9573809	22.4479773	60.8182945	0.9965053	0.0201488	0.0810624	-0.0348402	0.9822829	0.1841373	-0.0759161	-0.1863181	0.9795521	0.0000000	56.7003899	10.0000000	2.0000000	0.0008597	2.0000000
167.0000000	465.2706604	424.8593445	295.6545105	48.3112535	24.2915146	43.0463652	0.9965596	0.0157350	0.0813718	-0.0303377	0.9829274	0.1814757	-0.0771270	-0.1833200	0.9800231	0.0000000	50.2348938	5.0000000	2.0000000	0.0006607	2.0000000
168.0000000	462.6873169	370.6312256	425.8472290	58.0078839	48.3352228	50.6701354	0.9963078	0.0313374	0.0799300	-0.0456083	0.9819594	0.1835091	-0.0727374	-0.1864771	0.9797630	0.0000000	47.9608879	5.0000000	2.0000000	0.0006684	2.0000000
169.0000000	477.3670654	161.4015045	401.2183838	79.6082445	2.1834881	41.3219310	0.9869990	0.1111029	0.1161429	-0.0773769	0.9618188	-0.2625212	-0.1408753	0.2501214	0.9579110	0.0000000	192.7156525	32.0000000	2.0000000	0.0009668	2.0000000
170.0000000	479.3575439	433.9159546	220.8486938	42.2072914	10.2526940	41.6074730	0.9956842	0.0320997	0.0870776	-0.0450663	0.9874605	0.1512971	-0.0811291	-0.1545684	0.9846455	0.0000000	48.9965591	7.0000000	2.0000000	0.0009307	2.0000000
171.0000000	490.5837708	115.9151230	259.7165222	35.9264783	22.7027093	99.6366718	0.7862371	0.1648974	0.5955167	0.2306359	0.8157797	-0.5303872	-0.5732698	0.5543576	0.6033650	0.0000000	660.4140625	44.0000000	2.0000000	0.0008900	2.0000000
172.0000000	486.7974548	182.1947479	291.8461609	41.1449633	26.9273657	85.5075752	0.9971217	0.0307781	0.0692894	-0.0420485	0.9849596	0.1675906	-0.0630891	-0.1700217	0.9834187	0.0000000	51.8345528	6.0000000	2.0000000	0.0009619	2.0000000
173.0000000	487.6802979	230.3480225	447.7024841	55.7997858	53.3706934	73.3342679	0.9956325	0.0229441	0.0904961	-0.0408581	0.9786581	0.2013926	-0.0839440	-0.2042105	0.9753212	0.0000000	51.1410866	12.0000000	2.0000000	0.0009520	2.0000000
174.0000000	492.1841431	267.9227600	268.3930054	41.7303638	21.1884261	69.4239509	0.9961231	0.0304092	0.0825477	-0.0447332	0.9830752	0.1776573	-0.0757481	-0.1806612	0.9806242	0.0000000	57.5208130	6.0000000	2.0000000	0.0007974	2.0000000
175.0000000	497.0301514	326.6437378	210.5077209	38.1822335	9.5256401	60.2570512	0.9955035	0.0280506	0.0904764	-0.0441193	0.9825250	0.1808260	-0.0838230	-0.1840047	0.9793447	0.0000000	53.6091728	5.0000000	2.0000000	0.0005910	2.0000000
176.0000000	493.5755615	264.1666565	176.5005188	33.4509262	4.5047996	72.2026509	0.9953191	0.0299340	0.0918902	-0.0451571	0.9846918	0.1683537	-0.0854440	-0.1717151	0.9814343	0.0000000	51.8011398	6.0000000	2.0000000	0.0005953	2.0000000
177.0000000	504.0675964	374.9838257	337.3120728	50.3269041	30.8460666	48.1076119	0.9956165	0.0455789	0.0816726	-0.0593396	0.9827961	0.1749015	-0.0722957	-0.1789813	0.9811927	0.0000000	58.3199806	5.0000000	2.0000000	0.0006191	2.0000000
178.0000000	501.5468445	238.7362671	333.3266602	46.1901951	32.5100226	73.1868964	0.9959444	0.0257139	0.0862181	-0.0409439	0.9828441	0.1798362	-0.0801147	-0.1826369	0.9799109	0.0000000	60.0984383	7.0000000	2.0000000	0.0009163	2.0000000
179.0000000	502.4650269	378.8931580	152.8522949	34.5950096	-2.0497737	51.4780648	0.9960748	0.0339828	0.0817327	-0.0480009	0.9831836	0.1761985	-0.0743705	-0.1794301	0.9809556	0.0000000	50.0246696	9.0000000	2.0000000	0.0009380	2.0000000
180.0000000	506.7553406	210.8270721	223.1569214	35.9020389	13.2670780	80.2315089	0.9965522	0.0314307	0.0767842	-0.0450932	0.9820286	0.1832659	-0.0696441	-0.1860964	0.9800601	0.0000000	52.1199303	6.0000000	2.0000000	0.0006749	2.0000000
181.0000000	504.5765076	312.0726929	125.1106262	30.4207901	-5.8080647	63.7246933	0.9958869	0.0308987	0.0851732	-0.0457547	0.9828901	0.1784195	-0.0782030	-0.1815828	0.9802612	0.0000000	49.3114891	5.0000000	2.0000000	0.0006790	2.0000000
182.0000000	506.3871460	155.5009308	176.4588928	30.3456793	5.9082253	91.0803613	0.9968772	0.0234274	0.0754121	-0.0376667	0.9804071	0.1933470	-0.0694050	-0.1955838	0.9782280	0.0000000	47.6632729	5.0000000	2.0000000	0.0008895	2.0000000
183.0000000	511.0517273	308.6601868	381.4105835	52.3092068	39.6492944	58.9457734	0.9963022	0.0217411	0.0831222	-0.0363224	0.9833303	0.1781636	-0.0778631	-0.1805240	0.9804838	0.0000000	54.7779999	8.0000000	2.0000000	0.0008953	2.0000000
184.0000000	512.5301514	126.6542969	350.6311951	44.4646154	37.0980701	92.2733834	0.9957918	0.0236589	0.0885376	-0.0366376	0.9883129	0.1479708	-0.0840020	-0.1505920	0.9850207	0.0000000	49.8533325	13.0000000	2.0000000	0.0009061	2.0000000
185.0000000	514.1071777	377.3929749	266.3128967	44.3306069	17.7904903	48.1146125	0.9958703	0.0247517	0.0873481	-0.0404647	0.9822802	0.1829979	-0.0812708	-0.1857767	0.9792252	0.0000000	53.8017807	9.0000000	2.0000000	0.0009148	2.0000000
186.0000000	519.2139893	404.8575439	401.9458313	56.5841237	41.0691264	40.1609483	0.9964035	0.0213384	0.0820040	-0.0361979	0.9822134	0.1842458	-0.0766139	-0.1865516	0.9794533	0.0000000	50.0424767	6.0000000	2.0000000	0.0007321	2.0000000
187.0000000	526.7498779	337.2267761	445.0418396	58.4096098	49.3690902	51.0617519	0.9966747	0.0144653	0.0801890	-0.0293371	0.9818223	0.1875215	-0.0760188	-0.1892504	0.9789818	0.0000000	48.4505005	8.0000000	2.0000000	0.0009484	2.0000000
188.0000000	526.9951172	314.0132141	311.0364380	46.4015836	26.4236599	57.3918006	0.9965386	0.0194724	0.0808185	-0.0342223	0.9820747	0.1853594	-0.0757604	-0.1874835	0.9793418	0.0000000	56.8817787	10.0000000	2.0000000	0.0009897	2.0000000
189.0000000	528.1342163	442.3059998	342.5773621	52.4352342	29.8468549	34.0957941	0.9956881	0.0274869	0.0885979	-0.0435931	0.9817063	0.1853438	-0.0818826	-0.1884069	0.9786716	0.0000000	50.0523987	7.0000000	2.0000000	0.0009329	2.0000000
190.0000000	529.7651978	447.7587280	271.0815125	46.3999789	16.5132865	34.4720980	0.9961936	0.0285925	0.0823459	-0.0430543	0.9827960	0.1796060	-0.0757938	-0.1824677	0.9802861	0.0000000	49.6300125	8.0000000	2.0000000	0.0008088	2.0000000
191.0000000	531.7352295	239.0685883	126.4336777	28.3959291	-5.4710039	74.5213072	0.9962660	0.0249400	0.0826560	-0.0398462	0.9821309	0.1839323	-0.0765918	-0.1865390	0.9794574	0.0000000	49.2216644	8.0000000	2.0000000	0.0009714	2.0000000
192.0000000	533.4984741	244.3667908	395.9843445	51.4990811	41.9699934	68.4537584	0.9957094	0.0387579	0.0840276	-0.0533087	0.9824907	0.1785222	-0.0756372	-0.1822356	0.9803414	0.0000000	54.4564819	6.0000000	2.0000000	0.0006470	2.0000000
193.0000000	537.1999512	184.0976868	428.7537842	52.7748657	49.1082814	78.2433675	0.9961511	0.0233435	0.0844875	-0.0378379	0.9839723	0.1742609	-0.0790655	-0.1767870	0.9810683	0.0000000	48.9655533	5.0000000	2.0000000	0.0008578	2.0000000
194.0000000	548.4332275	423.4811401	204.9654694	40.2621964	4.7128486	38.3370138	0.9965849	0.0248870	0.0787355	-0.0374680	0.9859814	0.1625942	-0.0735852	-0.1649890	0.9835466	0.0000000	48.8505974	5.0000000	2.0000000	0.0008893	2.0000000
195.0000000	552.7426758	188.4349365	336.5940247	44.8236405	31.6444952	77.9807431	0.9964027	0.0261465	0.0806106	-0.0404742	0.9825397	0.1815974	-0.0744550	-0.1842068	0.9800634	0.0000000	52.5643959	5.0000000	2.0000000	0.0009962	2.0000000
196.0000000	550.8574219	156.2791748	240.5414734	35.5081374	14.9683021	85.9103368	0.9949451	0.0292863	0.0960551	-0.0462786	0.9826205	0.1797643	-0.0891211	-0.1833009	0.9790088	0.0000000	50.1232224	5.0000000	2.0000000	0.0009282	2.0000000
197.0000000	555.4023438	269.3102417	459.9674377	57.7055732	52.3212985	60.9889651	0.9943161	0.0310463	0.1018408	-0.0503642	0.9799047	0.1930029	-0.0938023	-0.1970351	0.9758987	0.0000000	48.2786179	5.0000000	2.0000000	0.0005926	2.0000000
198.0000000	561.2349243	283.5167542	257.7335205	40.6775555	15.7425897	61.9924118	0.9958900	0.0303380	0.0853385	-0.0450521	0.9833268	0.1761778	-0.0785707	-0.1792984	0.9806522	0.0000000	55.5298653	5.0000000	2.0000000	0.0006491	2.0000000
199.0000000	561.0473633	246.8589935	188.8380585	33.5085393	3.7552602	69.8514953	0.9965144	0.0224656	0.0803392	-0.0360520	0.9844552	0.1718957	-0.0752286	-0.1741929	0.9818337	0.0000000	51.3207893	5.0000000	2.0000000	0.0008462	2.0000000
200.0000000	556.1244507	216.4442902	276.7437744	40.6060148	20.8304345	73.9566957	0.9959927	0.0264673	0.0854282	-0.0418540	0.9820913	0.1836979	-0.0790363	-0.1865373	0.9792636	0.0000000	55.2201385	6.0000000	2.0000000	0.0007550	2.0000000
201.0000000	559.0682983	114.4303055	297.6105042	39.3868488	25.9067679	91.6077802	0.9961685	0.0241988	0.0840404	-0.0375684	0.9861817	0.1613516	-0.0789746	-0.1638906	0.9833122	0.0000000	47.5910072	9.0000000	2.0000000	0.0009007	2.0000000
202.0000000	564.2642822	349.0252380	226.5135193	39.6445134	8.7356886	50.7263941	0.9954000	0.0302598	0.0909021	-0.0475878	0.9796505	0.1949879	-0.0831520	-0.1984168	0.9765841	0.0000000	55.1982269	14.0000000	2.0000000	0.0009423	2.0000000
203.0000000	568.6384888	259.3586121	330.4867859	46.2276057	28.9019342	64.3108876	0.9950010	0.0332984	0.0941499	-0.0501973	0.9817805	0.1832683	-0.0863320	-0.1870782	0.9785441	0.0000000	55.3052826	8.0000000	2.0000000	0.0009333	2.0000000
204.0000000	572.7554321	371.0983276	156.3052368	34.4780563	-4.2559780	46.6799869	0.9963996	0.0249739	0.0810191	-0.0388250	0.9839474	0.1741839	-0.0753685	-0.1767023	0.9813745	0.0000000	48.5412102	5.0000000	2.0000000	0.0007461	2.0000000
205.0000000	574.8702393	162.2329102	176.3750153	98.9030313	-0.3721528	84.3182983	0.2135495	0.2162063	-0.9527074	-0.9354237	0.3264973	-0.1355805	0.2817430	0.9201382	0.2719678	0.0000000	2711.4318848	300.0000000	1.0000000	0.0351872	2.0000000
206.0000000	566.4732056	394.8553772	311.6228638	48.4517929	23.4592425	40.0447916	0.9958020	0.0306721	0.0862410	-0.0451755	0.9841269	0.1716201	-0.0796081	-0.1747956	0.9813812	0.0000000	52.1601295	5.0000000	2.0000000	0.0007182	2.0000000
207.0000000	571.9887085	347.9923706	365.7826233	51.8516634	33.8845152	47.1738217	0.9964872	0.0283065	0.0788159	-0.0420820	0.9829430	0.1790315	-0.0724038	-0.1817193	0.9806813	0.0000000	54.4771004	5.0000000	2.0000000	0.0006946	2.0000000
208.0000000	574.4550171	139.1289215	382.4506836	47.3267894	39.8840387	84.4973874	0.9960422	0.0294023	0.0838775	-0.0426455	0.9860722	0.1607574	-0.0779827	-0.1636982	0.9834234	0.0000000	47.6546326	6.0000000	2.0000000	0.0006171	2.0000000
209.0000000	582.5083008	385.6586304	425.4809570	70.1299086	-9.7323854	80.3010485	0.9691724	-0.2125727	0.1245702	0.2324922	0.9563987	-0.1767736	-0.0815616	0.2002857	0.9763367	0.0000000	366.9195862	56.0000000	2.0000000	0.0009676	2.0000000
210.0000000	582.3108521	299.4363403	129.0859985	41.4190790	35.4699696	67.2530187	0.8424551	0.1793307	0.5080452	-0.1569614	0.9837676	-0.0869742	-0.5153955	-0.0064716	0.8569280	0.0000000	3409.0817871	300.0000000	1.0000000	0.0409933	2.0000000
211.0000000	593.6732788	326.1105652	458.6250305	58.9746284	49.5222017	47.5610852	0.9951773	0.0360758	0.0912175	-0.0525024	0.9813988	0.1846617	-0.0828589	-0.1885602	0.9785599	0.0000000	46.2352867	6.0000000	2.0000000	0.0008142	2.0000000
212.0000000	590.3261108	430.7193604	369.5237122	50.6522303	-2.6620427	94.5532005	0.9194116	-0.0702416	0.3869733	0.2203434	0.9070027	-0.3588800	-0.3257775	0.4152255	0.8493861	0.0000000	349.5789185	81.0000000	2.0000000	0.0009963	2.0000000
213.0000000	590.3764648	285.7272339	401.6827698	53.0839690	40.2860754	56.0708057	0.9967772	0.0188606	0.0779709	-0.0335629	0.9808593	0.1918036	-0.0728610	-0.1938024	0.9783312	0.0000000	51.5127792	9.0000000	2.0000000	0.0008864	2.0000000
214.0000000	599.2191162	448.2179260	284.9263000	47.3110186	16.2388699	28.7266948	0.9969298	0.0389047	0.0679518	-0.0493004	0.9860917	0.1587218	-0.0608317	-0.1615846	0.9849822	0.0000000	88.0466232	15.0000000	2.0000000	0.0009930	2.0000000
215.0000000	600.6190186	209.4359894	449.9282532	54.9688377	49.6572530	68.3019262	0.9956010	0.0287793	0.0891655	-0.0440351	0.9837297	0.1741747	-0.0827021	-0.1773349	0.9806695	0.0000000	48.8974113	5.0000000	2.0000000	0.0008855	2.0000000
216.0000000	606.1779785	168.4251099	284.0422668	39.5341379	20.4689119	78.3412215	0.9953964	0.0415786	0.0863555	-0.0569375	0.9813094	0.1838203	-0.0770985	-0.1878909	0.9791592	0.0000000	51.7733231	7.0000000	2.0000000	0.0009943	2.0000000
217.0000000	609.2919922	318.1281738	302.3878784	45.2814755	21.1589782	50.3837288	0.9963274	0.0287315	0.0806606	-0.0420334	0.9848214	0.1684046	-0.0745978	-0.1711765	0.9824122	0.0000000	55.1651154	8.0000000	2.0000000	0.0009129	2.0000000
218.0000000	610.4053345	206.1232147	222.3929901	35.4039268	8.9269852	72.3726024	0.9958895	0.0332481	0.0842530	-0.0481682	0.9821595	0.1817761	-0.0767062	-0.1850872	0.9797239	0.0000000	53.4591904	6.0000000	2.0000000	0.0004537	2.0000000
219.0000000	610.3936157	211.6567535	383.6318359	49.3379020	37.5088717	68.3864730	0.9964957	0.0250917	0.0797920	-0.0387688	0.9838426	0.1747875	-0.0741171	-0.1772684	0.9813677	0.0000000	52.1290894	9.0000000	2.0000000	0.0009339	2.0000000
220.0000000	611.7156982	213.5943451	144.3015442	64.6566880	51.3349508	49.4420984	0.6429349	-0.5666834	-0.5152714	0.3911923	0.8213391	-0.4151755	0.6584857	0.0653606	0.7497497	0.0000000	437.4942627	140.0000000	2.0000000	0.0009847	2.0000000
221.0000000	611.6564331	384.2258911	263.6404419	43.8235155	12.9930991	38.9660347	0.9963088	0.0280411	0.0811323	-0.0420156	0.9834861	0.1760392	-0.0748561	-0.1787982	0.9810340	0.0000000	52.3775978	5.0000000	2.0000000	0.0008783	2.0000000
222.0000000	618.7344360	421.1284485	205.7153320	39.7817018	1.6617242	33.2444269	0.9966758	0.0134177	0.0803579	-0.0274448	0.9839903	0.1760960	-0.0767086	-0.1777160	0.9810876	0.0000000	48.5778503	6.0000000	2.0000000	0.0009147	2.0000000
223.0000000	618.6940308	279.4819641	216.3410797	36.7134658	6.0790505	58.7985392	0.9960362	0.0343701	0.0820397	-0.0485348	0.9829299	0.1774631	-0.0745399	-0.1807414	0.9807020	0.0000000	51.4756279	5.0000000	2.0000000	0.0008473	2.0000000
224.0000000	622.7990723	115.9694595	330.8990173	41.9971034	29.0389771	85.7519544	0.9968384	0.0222266	0.0762831	-0.0344018	0.9861558	0.1622135	-0.0716216	-0.1643250	0.9838026	0.0000000	47.1381149	6.0000000	2.0000000	0.0008909	2.0000000
225.0000000	627.2971191	237.0419464	285.6619263	41.4328013	18.6567544	64.6461163	0.9962234	0.0290028	0.0818398	-0.0436767	0.9820197	0.1836564	-0.0750417	-0.1865373	0.9795778	0.0000000	55.3142548	6.0000000	2.0000000	0.0005940	2.0000000
226.0000000	634.5947876	353.4227600	209.3872070	38.0450720	2.5570642	44.1795385	0.9961874	0.0273009	0.0828577	-0.0420055	0.9825320	0.1812908	-0.0764609	-0.1840801	0.9799328	0.0000000	52.5988579	6.0000000	2.0000000	0.0007048	2.0000000
227.0000000	628.3421021	382.3479614	332.6413269	49.3799597	24.4871392	37.3985606	0.9959030	0.0273112	0.0862045	-0.0426660	0.9824357	0.1816583	-0.0797291	-0.1845921	0.9795759	0.0000000	56.1293449	6.0000000	2.0000000	0.0007867	2.0000000
228.0000000	633.4445190	270.1313782	349.4175110	47.7707839	29.0994546	56.4282915	0.9961649	0.0266039	0.0833531	-0.0404840	0.9846905	0.1695456	-0.0775664	-0.1722698	0.9819911	0.0000000	58.1631889	6.0000000	2.0000000	0.0008817	2.0000000
229.0000000	633.8981323	268.8426819	465.0728149	57.7387819	49.8858199	54.7428892	0.9951506	0.0345636	0.0920905	-0.0511713	0.9814812	0.1845974	-0.0840047	-0.1884146	0.9784902	0.0000000	48.2560425	6.0000000	2.0000000	0.0009506	2.0000000
230.0000000	633.8206177	340.7673950	142.3424683	33.2188031	-7.4328911	46.8213377	0.7804901	0.0705934	0.6211697	0.4388346	0.6458102	-0.6247826	-0.4452633	0.7602274	0.4730696	0.0000000	270.9906006	300.0000000	1.0000000	0.0031798	2.0000000
231.0000000	639.2228394	148.4020691	405.0522766	49.2692630	41.0589116	77.1398670	0.9962425	0.0178741	0.0847433	-0.0307751	0.9876737	0.1534717	-0.0809556	-0.1555030	0.9845126	0.0000000	48.4839745	7.0000000	2.0000000	0.0009382	2.0000000
232.0000000	640.3029175	331.7543945	380.5213928	52.2030767	33.6209815	44.5950917	0.9950035	0.0316135	0.0947026	-0.0485005	0.9821546	0.1817139	-0.0872679	-0.1853991	0.9787806	0.0000000	53.9390335	9.0000000	2.0000000	0.0009721	2.0000000
233.0000000	645.5479126	158.9405365	182.5193329	30.5505837	1.3094889	79.0857135	0.9958696	0.0322294	0.0848828	-0.0472859	0.9821905	0.1818404	-0.0775104	-0.1851031	0.9796576	0.0000000	46.0711288	6.0000000	2.0000000	0.0008195	2.0000000
234.0000000	647.5424194	367.4079895	442.8272705	58.3875554	43.6651459	35.9214192	0.9962796	0.0255015	0.0823209	-0.0409854	0.9804826	0.1922863	-0.0758106	-0.1949448	0.9778800	0.0000000	47.1418037	5.0000000	2.0000000	0.0007521	2.0000000
235.0000000	644.2970581	121.2083511	243.2179108	34.2948579	12.0875858	85.0260443	0.9953512	0.0238308	0.0933170	-0.0414103	0.9806658	0.1912586	-0.0869550	-0.1942338	0.9770937	0.0000000	48.2046242	8.0000000	2.0000000	0.0008372	2.0000000
236.0000000	647.0349731	273.7974854	133.3287201	29.4922781	-9.6667000	59.0280061	0.9958091	0.0288853	0.0867744	-0.0438193	0.9835082	0.1754751	-0.0802747	-0.1785421	0.9806522	0.0000000	51.9286385	7.0000000	2.0000000	0.0007090	2.0000000
237.0000000	659.7884521	417.7330933	392.9598083	46.3669291	-6.2184087	86.0320775	0.9932964	0.0074314	-0.1153565	-0.0250815	0.9880130	-0.1523194	0.1128417	0.1541916	0.9815761	0.0000000	172.7508850	159.0000000	2.0000000	0.0009864	2.0000000
238.0000000	664.9174805	438.1410828	255.0296936	44.6269768	8.9345016	24.6567037	0.3861864	-0.0929317	-0.9177275	-0.5200627	0.7997717	-0.2998334	0.7618365	0.5930674	0.2605307	0.0000000	784.8710327	49.0000000	2.0000000	0.0009627	2.0000000
239.0000000	661.5029907	445.4157104	328.2268677	54.1751854	5.5474853	91.2180651	0.9362505	-0.2763206	0.2169837	0.3380169	0.8768664	-0.3418333	-0.0958101	0.3933857	0.9143676	0.0000000	662.0375977	132.0000000	2.0000000	0.0009672	2.0000000
240.0000000	667.0472412	216.0191040	340.5979309	45.3212134	26.9380228	63.8322907	0.9967024	0.0156528	0.0796193	-0.0285524	0.9861199	0.1635614	-0.0759540	-0.1652954	0.9833150	0.0000000	54.8383560	6.0000000	2.0000000	0.0006089	2.0000000
241.0000000	674.9619141	202.7688293	453.1405640	54.7311421	47.2815889	63.4827738	0.9960414	0.0153344	0.0875582	-0.0316500	0.9816350	0.1881248	-0.0830654	-0.1901513	0.9782344	0.0000000	49.8215561	5.0000000	2.0000000	0.0009502	2.0000000
242.0000000	670.9906006	297.0818481	270.6137085	41.7035246	13.3372712	50.2469839	0.9957032	0.0240989	0.0894109	-0.0402809	0.9821254	0.1838674	-0.0833817	-0.1866789	0.9788761	0.0000000	55.9576569	5.0000000	2.0000000	0.0009351	2.0000000
243.0000000	677.1497803	182.7256622	276.2628784	38.9440713	16.1518941	70.7768117	0.9958080	0.0252756	0.0879065	-0.0405105	0.9835367	0.1761094	-0.0820080	-0.1789323	0.9804376	0.0000000	52.2183495	6.0000000	2.0000000	0.0006701	2.0000000
244.0000000	671.7672729	255.2415619	406.1374207	52.1921313	37.8679757	54.7125760	0.9963999	0.0298619	0.0793444	-0.0433339	0.9838059	0.1739197	-0.0728660	-0.1767319	0.9815582	0.0000000	52.3268929	5.0000000	2.0000000	0.0007243	2.0000000
245.0000000	680.5841064	367.5160828	266.4569397	43.2667454	10.9505591	36.7188441	0.9955901	0.0332301	0.0877276	-0.0484477	0.9829284	0.1774951	-0.0803318	-0.1809625	0.9802037	0.0000000	54.3740044	6.0000000	2.0000000	0.0005157	2.0000000
246.0000000	679.9769897	218.4751892	160.2960815	30.1122746	-5.3548975	65.8947026	0.9950833	0.0326454	0.0935069	-0.0494769	0.9817209	0.1837830	-0.0857980	-0.1875058	0.9785092	0.0000000	47.1967506	7.0000000	2.0000000	0.0009923	2.0000000
247.0000000	677.2284546	240.1227417	230.7300568	36.5325049	6.5035649	60.7399148	0.9959471	0.0279631	0.0854832	-0.0417109	0.9856547	0.1635391	-0.0796839	-0.1664419	0.9828263	0.0000000	52.9422417	6.0000000	2.0000000	0.0006250	2.0000000
248.0000000	679.3561401	305.3917542	195.4457092	35.3913481	-0.7758781	49.6368474	0.9954869	0.0292652	0.0902742	-0.0444213	0.9843118	0.1707541	-0.0838608	-0.1739936	0.9811695	0.0000000	52.0011253	6.0000000	2.0000000	0.0007600	2.0000000
249.0000000	685.6356201	151.1136169	345.2055969	43.9319904	28.1848922	74.0806655	0.9960365	0.0275918	0.0845572	-0.0419950	0.9839174	0.1736173	-0.0784069	-0.1764802	0.9811764	0.0000000	47.8380432	5.0000000	2.0000000	0.0009745	2.0000000
250.0000000	696.8374023	372.7327271	339.1730652	49.3711255	22.8272978	33.0499119	0.9960515	0.0400657	0.0792220	-0.0536814	0.9825632	0.1780107	-0.0707085	-0.1815605	0.9808344	0.0000000	52.9594421	6.0000000	2.0000000	0.0008064	2.0000000
251.0000000	694.5279541	364.7716370	161.3698425	34.0758403	-8.3861657	38.4505476	0.9957749	0.0274621	0.0876250	-0.0421969	0.9843628	0.1710241	-0.0815581	-0.1739990	0.9813626	0.0000000	68.1189728	14.0000000	2.0000000	0.0007239	2.0000000
252.0000000	693.6555176	300.7152405	338.3328857	47.3918827	24.0367539	46.4134220	0.9965596	0.0301382	0.0772056	-0.0433835	0.9834159	0.1760997	-0.0706179	-0.1788433	0.9813400	0.0000000	53.5071602	5.0000000	2.0000000	0.0008035	2.0000000
253.0000000	695.4300537	318.8438416	421.4841919	55.0533163	38.6773889	41.7330904	0.9960538	0.0260445	0.0848445	-0.0411702	0.9824848	0.1817377	-0.0786252	-0.1845136	0.9796800	0.0000000	51.6902695	6.0000000	2.0000000	0.0006774	2.0000000
254.0000000	707.8779297	268.6142273	472.0003052	57.9757462	48.0145656	48.4829069	0.9964392	0.0288852	0.0792127	-0.0435729	0.9807212	0.1904924	-0.0721831	-0.1932656	0.9784876	0.0000000	47.7298012	7.0000000	2.0000000	0.0007710	2.0000000
255.0000000	703.2753906	113.5917358	284.5487366	37.6426581	17.2688782	80.3732156	0.9963070	0.0288528	0.0808696	-0.0430299	0.9828215	0.1794725	-0.0743021	-0.1822895	0.9804334	0.0000000	48.2600479	7.0000000	2.0000000	0.0007608	2.0000000
256.0000000	708.3851318	151.2515411	416.1322021	49.8628977	39.8446980	70.9743454	0.9959893	0.0265196	0.0854514	-0.0406933	0.9848331	0.1686647	-0.0796824	-0.1714656	0.9819625	0.0000000	47.2294273	5.0000000	2.0000000	0.0007297	2.0000000
257.0000000	708.9873047	138.6289520	213.7986298	32.3355956	4.3386012	77.0456754	0.9959889	0.0297364	0.0843908	-0.0448378	0.9820649	0.1831339	-0.0774315	-0.1861833	0.9794591	0.0000000	47.6064720	10.0000000	2.0000000	0.0009934	2.0000000
258.0000000	715.9078369	387.5131836	431.3098450	57.5131753	38.6216953	27.8266056	0.9975614	0.0696333	-0.0047448	-0.0681398	0.9863703	0.1497684	0.0151090	-0.1490799	0.9887097	0.0000000	471.7036743	38.0000000	2.0000000	0.0009958	2.0000000
259.0000000	716.1859131	246.8609161	294.4311218	42.0785274	16.2390877	55.2191943	0.9958212	0.0307948	0.0859762	-0.0464355	0.9813897	0.1863275	-0.0786382	-0.1895412	0.9787186	0.0000000	54.5325775	6.0000000	2.0000000	0.0007729	2.0000000
260.0000000	718.4785156	280.1034241	140.2984161	76.5630887	40.8981622	51.6128434	0.9990017	0.0195340	-0.0401761	-0.0289404	0.9680904	-0.2489246	0.0340316	0.2498388	0.9676892	0.0000000	323.9201965	29.0000000	2.0000000	0.0009790	2.0000000
261.0000000	721.4499512	420.6781921	292.5585327	57.0333103	37.6316184	97.4586136	0.7797338	0.3604092	-0.5119770	0.0371565	0.7896319	0.6124548	0.6250077	-0.4965750	0.6023111	0.0000000	336.3425293	70.0000000	2.0000000	0.0009671	2.0000000
262.0000000	725.5381470	431.8369751	369.9253540	53.3849060	26.5442663	20.3084468	0.9981219	0.0591339	0.0159929	-0.0602319	0.9949541	0.0802402	-0.0111673	-0.0810528	0.9966472	0.0000000	1749.5762939	15.0000000	2.0000000	0.0009402	2.0000000
263.0000000	733.0468750	203.2707367	369.8101196	47.3930360	30.0620521	60.3505108	0.9950832	0.0269008	0.0953188	-0.0427996	0.9847026	0.1689053	-0.0893170	-0.1721544	0.9810124	0.0000000	52.2307968	6.0000000	2.0000000	0.0008707	2.0000000
264.0000000	736.8579102	272.4500732	388.3573608	50.6221174	31.5087379	47.2802111	0.9963567	0.0308641	0.0795029	-0.0449535	0.9822622	0.1820444	-0.0724741	-0.1849551	0.9800710	0.0000000	51.6109581	7.0000000	2.0000000	0.0008226	2.0000000
265.0000000	736.2192383	351.6210632	216.6565399	38.0882161	-0.4849646	36.1647298	0.9962392	0.0365687	0.0785502	-0.0494296	0.9844439	0.1686028	-0.0711626	-0.1718514	0.9825492	0.0000000	53.5679893	10.0000000	2.0000000	0.0009808	2.0000000
266.0000000	738.2780151	201.0683899	237.7465363	35.7597259	6.0315941	63.3076088	0.9964590	0.0264173	0.0798219	-0.0406942	0.9822858	0.1829171	-0.0735757	-0.1855177	0.9798825	0.0000000	51.6232033	8.0000000	2.0000000	0.0009037	2.0000000
267.0000000	740.4490967	205.5931396	445.1338806	52.9683840	41.8307527	55.5727828	-0.1519421	0.9538584	0.2589745	0.2453301	0.2902133	-0.9249808	-0.9574585	-0.0770093	-0.2781057	0.0000000	1127.7727051	102.0000000	2.0000000	0.0009834	2.0000000
268.0000000	739.0583496	269.0766907	209.0946808	35.0888935	-0.6011707	51.4866764	0.9955429	0.0277014	0.0901495	-0.0448501	0.9799416	0.1941723	-0.0829624	-0.1973500	0.9768164	0.0000000	51.7881699	8.0000000	2.0000000	0.0009286	2.0000000
269.0000000	749.1361084	215.0950928	156.8765564	29.2698199	-9.0655533	61.1644845	0.9957304	0.0336211	0.0859688	-0.0493977	0.9808177	0.1885644	-0.0779800	-0.1920060	0.9782908	0.0000000	47.0037498	5.0000000	2.0000000	0.0008592	2.0000000
270.0000000	745.8302612	348.9719849	286.3794556	43.9584909	11.9158805	34.7605752	0.9956114	0.0366058	0.0861273	-0.0522710	0.9809039	0.1873372	-0.0776250	-0.1910171	0.9785126	0.0000000	52.3733749	5.0000000	2.0000000	0.0007477	2.0000000
271.0000000	745.2065430	118.1108780	366.2958984	44.6725116	30.3553875	75.1598789	0.9964257	0.0173937	0.0826633	-0.0320614	0.9832200	0.1795841	-0.0781526	-0.1815925	0.9802634	0.0000000	48.0534401	5.0000000	2.0000000	0.0008259	2.0000000
272.0000000	748.2702637	164.2817383	312.6402588	41.2903371	19.8191670	67.5244360	0.9963052	0.0300855	0.0804411	-0.0452667	0.9799262	0.1941536	-0.0729851	-0.1970776	0.9776674	0.0000000	49.9965363	8.0000000	2.0000000	0.0009221	2.0000000
273.0000000	747.4693604	331.9462585	467.1504517	58.9996948	44.3638921	34.3031124	0.9956575	0.0272364	0.0890182	-0.0439567	0.9804769	0.1916583	-0.0820602	-0.1947390	0.9774164	0.0000000	64.0863800	5.0000000	2.0000000	0.0008018	2.0000000
274.0000000	749.5437622	343.4452209	385.0507202	52.3126740	29.4367407	33.4837305	0.9955454	0.0281572	0.0899808	-0.0451258	0.9802539	0.1925253	-0.0827831	-0.1957282	0.9771578	0.0000000	52.1426506	6.0000000	2.0000000	0.0006650	2.0000000
275.0000000	764.2726440	299.3766785	328.3842163	46.2976663	19.7531585	41.6452943	0.9962796	0.0208284	0.0836248	-0.0366178	0.9807142	0.1919866	-0.0780133	-0.1943345	0.9778282	0.0000000	53.5413017	11.0000000	2.0000000	0.0009757	2.0000000
276.0000000	759.3450928	420.4742737	225.5165863	75.1569885	29.7252437	74.1150084	0.9570593	-0.1351082	0.2564825	0.1856157	0.9652079	-0.1841755	-0.2226753	0.2238740	0.9488394	0.0000000	206.3917847	22.0000000	2.0000000	0.0009728	2.0000000
277.0000000	762.9357300	333.4689026	153.7934265	76.8166949	32.9517073	67.9855991	0.5679533	0.5655833	-0.5979504	-0.8220555	0.4257008	-0.3781582	0.0406679	0.7063246	0.7067190	0.0000000	1120.5499268	300.0000000	1.0000000	0.0681988	2.0000000
278.0000000	766.8199463	120.5556183	249.7038269	34.7300210	8.7155367	74.8237782	0.9964707	0.0334616	0.0769839	-0.0479585	0.9796373	0.1949634	-0.0688925	-0.1979673	0.9777846	0.0000000	46.9271126	7.0000000	2.0000000	0.0009960	2.0000000
279.0000000	775.9832153	146.3039551	420.7596741	49.7683213	37.7057780	66.4586460	0.9961718	0.0256522	0.0835685	-0.0393437	0.9852457	0.1665622	-0.0780628	-0.1692125	0.9824833	0.0000000	49.2515717	6.0000000	2.0000000	0.0009771	2.0000000
280.0000000	772.3471069	390.4869690	336.1228027	49.3082621	19.1288544	24.4556062	0.9977094	0.0330874	0.0590012	-0.0405171	0.9907458	0.1295418	-0.0541690	-0.1316357	0.9898170	0.0000000	739.4487915	20.0000000	2.0000000	0.0007908	2.0000000
281.0000000	773.8207397	158.9539948	191.5207367	30.6250223	-2.8711486	68.9798936	0.9965819	0.0319194	0.0761951	-0.0457871	0.9811292	0.1878537	-0.0687611	-0.1907004	0.9792371	0.0000000	47.6010399	7.0000000	2.0000000	0.0007838	2.0000000
282.0000000	775.0463257	267.9191589	446.3219910	55.4625263	40.5159329	43.7397247	0.9955514	0.0264770	0.0904228	-0.0425493	0.9826090	0.1807459	-0.0840647	-0.1837893	0.9793644	0.0000000	50.0997009	6.0000000	2.0000000	0.0007765	2.0000000
283.0000000	781.8184204	229.3182373	320.5949707	43.5459808	18.5452808	52.6774091	0.9964579	0.0224369	0.0810448	-0.0374743	0.9812428	0.1890986	-0.0752818	-0.1914658	0.9786079	0.0000000	53.1902084	6.0000000	2.0000000	0.0009637	2.0000000
284.0000000	787.9111328	442.1863708	285.2976990	46.0980326	8.3695726	15.0559206	0.9995060	0.0199536	0.0242823	-0.0210734	0.9986836	0.0467660	-0.0233171	-0.0472546	0.9986107	0.0000000	1368.7252197	29.0000000	2.0000000	0.0009989	2.0000000
285.0000000	789.5728149	311.4639893	237.6162262	38.6399575	1.9257651	39.0042348	0.9957603	0.0276751	0.0877246	-0.0430253	0.9830438	0.1782520	-0.0813040	-0.1812706	0.9800666	0.0000000	54.8298340	6.0000000	2.0000000	0.0009116	2.0000000
286.0000000	791.3490601	381.6298523	439.9629822	57.7939944	36.8969737	22.8073109	0.9988949	0.0427978	0.0194255	-0.0448806	0.9912825	0.1238742	-0.0139547	-0.1246092	0.9921078	0.0000000	1636.4522705	11.0000000	2.0000000	0.0009577	2.0000000
287.0000000	795.6484375	109.3584976	316.1437378	39.7881440	19.1554764	73.5970149	0.9960133	0.0276583	0.0848085	-0.0423884	0.9832707	0.1771493	-0.0784901	-0.1800380	0.9805231	0.0000000	47.5591888	5.0000000	2.0000000	0.0009786	2.0000000
288.0000000	794.8212280	268.8231201	147.4130707	72.5241306	40.4734184	44.1029249	0.9617564	-0.1369834	0.2371921	0.1846446	0.9638606	-0.1920393	-0.2023139	0.2284913	0.9522924	0.0000000	630.0298462	159.0000000	2.0000000	0.0009772	2.0000000
289.0000000	803.0384521	193.7046051	461.7892456	54.7447003	43.4901877	54.2100803	0.9963071	0.0308286	0.0801363	-0.0451895	0.9818683	0.1840993	-0.0730077	-0.1870407	0.9796355	0.0000000	47.6603432	7.0000000	2.0000000	0.0007270	2.0000000
290.0000000	806.6458740	190.1441193	376.2409668	46.9678244	27.7471974	57.1862160	0.9963575	0.0288542	0.0802444	-0.0429346	0.9827822	0.1797105	-0.0736774	-0.1825012	0.9804412	0.0000000	49.0948868	6.0000000	2.0000000	0.0006252	2.0000000
291.0000000	802.4713745	295.3659363	387.6630554	51.1558937	28.6480363	37.2917991	0.9951548	0.0217337	0.0958885	-0.0388577	0.9828039	0.1805173	-0.0903163	-0.1833687	0.9788866	0.0000000	51.8409729	9.0000000	2.0000000	0.0008951	2.0000000
292.0000000	803.4576416	375.6819458	193.4448242	69.7788370	48.9417522	61.9850257	0.3918001	0.8410909	0.3729058	-0.9025952	0.2728044	0.3330161	0.1783665	-0.4670587	0.8660494	0.0000000	1431.4985352	66.0000000	2.0000000	0.0009825	2.0000000
293.0000000	804.3770142	242.7734070	229.8875427	36.0138697	1.1843358	50.6692772	0.9955091	0.0201633	0.0924941	-0.0364290	0.9834093	0.1777048	-0.0873765	-0.1802762	0.9797274	0.0000000	50.3271484	5.0000000	2.0000000	0.0009187	2.0000000
294.0000000	800.3562012	180.0502930	264.9968567	37.3046914	8.6367371	61.4184591	0.9962954	0.0285903	0.0811059	-0.0428754	0.9826813	0.1802753	-0.0745472	-0.1830849	0.9802666	0.0000000	49.5701561	5.0000000	2.0000000	0.0009382	2.0000000
295.0000000	807.7766724	425.7816162	386.8685303	40.4086109	-3.9784103	76.3305362	0.0077807	0.9996894	-0.0236752	-0.3856097	-0.0188452	-0.9224695	-0.9226292	0.0163069	0.3853433	0.0000000	451.2167664	300.0000000	1.0000000	0.0030595	2.0000000
296.0000000	811.8451538	370.8208923	280.0670166	41.3690217	45.4987974	51.1813594	0.9257418	0.1650119	0.3402546	-0.1789624	0.9838072	0.0097956	-0.3331286	-0.0699610	0.9402823	0.0000000	2560.6140137	251.0000000	2.0000000	0.0009961	2.0000000
297.0000000	818.7497559	324.1805420	474.6615295	59.1904335	42.7478299	29.8703637	0.9980048	0.0273139	0.0569240	-0.0367571	0.9843949	0.1720918	-0.0513352	-0.1738408	0.9834348	0.0000000	341.9578857	15.0000000	2.0000000	0.0008848	2.0000000
298.0000000	820.4697266	204.2235107	165.3198242	68.2199467	49.1908915	60.9839095	0.8403673	-0.1383306	-0.5240681	0.1606163	0.9870125	-0.0029717	0.5176728	-0.0816765	0.8516712	0.0000000	129.4092712	62.0000000	2.0000000	0.0009884	2.0000000
299.0000000	835.1371460	323.8432007	157.1725769	31.8282961	-14.4151936	35.1019490	0.9964798	0.0195821	0.0815136	-0.0390141	0.9689488	0.2441640	-0.0742013	-0.2464846	0.9663020	0.0000000	105.5609741	10.0000000	2.0000000	0.0009950	2.0000000
300.0000000	827.1022339	359.2526855	372.5249634	51.2215299	23.7535251	25.1982892	0.9975711	0.0617238	-0.0322827	-0.0588879	0.9948548	0.0824386	0.0372050	-0.0803373	0.9960731	0.0000000	866.4866333	20.0000000	2.0000000	0.0009413	2.0000000
301.0000000	828.3208008	122.2735291	380.5130920	45.4065430	28.7297511	67.3714626	0.9964219	0.0252125	0.0806707	-0.0391386	0.9836089	0.1760164	-0.0749106	-0.1785439	0.9810762	0.0000000	48.1966324	9.0000000	2.0000000	0.0009019	2.0000000
302.0000000	829.8082275	304.2759399	303.1288452	43.7612112	11.9121806	35.8200632	0.9969191	0.0270549	0.0736234	-0.0396711	0.9836419	0.1757123	-0.0676652	-0.1780917	0.9816847	0.0000000	51.5128212	5.0000000	2.0000000	0.0007822	2.0000000
303.0000000	834.1071777	253.6537018	485.0113525	58.1235349	45.3170129	41.1347504	0.9954496	0.0251340	0.0919149	-0.0419650	0.9816424	0.1860569	-0.0855512	-0.1890675	0.9782303	0.0000000	47.2834702	6.0000000	2.0000000	0.0006641	2.0000000
304.0000000	833.9426270	423.7084961	236.6153564	2.9081983	29.3609343	63.1741420	0.9736041	0.2281811	-0.0053380	0.1972677	-0.8294788	0.5225422	0.1148065	-0.5098022	-0.8525967	0.0000000	5246.9936523	300.0000000	1.0000000	0.0039910	2.0000000
305.0000000	837.8901978	414.0504456	326.2740479	26.4893081	38.1712433	73.3946761	0.3447851	0.2033753	0.9163852	-0.5321572	0.8465556	0.0123435	-0.7732606	-0.4919168	0.4001073	0.0000000	494.0605469	300.0000000	1.0000000	0.0053929	2.0000000
306.0000000	840.4465332	162.4453125	321.7844543	41.5669341	17.4412576	60.4120602	0.9964866	0.0220376	0.0808006	-0.0369592	0.9814495	0.1881248	-0.0751559	-0.1904502	0.9788158	0.0000000	50.3234940	7.0000000	2.0000000	0.0009079	2.0000000
307.0000000	844.9627686	246.4085693	355.9456787	46.6872373	21.7244056	44.1699308	0.9957316	0.0205440	0.0899810	-0.0374936	0.9808826	0.1909543	-0.0843379	-0.1935129	0.9774661	0.0000000	51.5832138	7.0000000	2.0000000	0.0008876	2.0000000
308.0000000	845.9810181	126.5681686	240.6496277	33.5982806	3.0976163	67.5364190	0.9955712	0.0319600	0.0884111	-0.0472189	0.9832039	0.1762967	-0.0812916	-0.1796906	0.9803586	0.0000000	45.1319580	5.0000000	2.0000000	0.0008338	2.0000000
309.0000000	846.5136108	230.5513458	285.7908630	40.3750219	9.6611885	47.9562132	0.9962832	0.0296043	0.0808908	-0.0437101	0.9829479	0.1786135	-0.0742237	-0.1814853	0.9805886	0.0000000	51.0380096	6.0000000	2.0000000	0.0008183	2.0000000
310.0000000	854.9967041	221.7498779	421.5823059	51.5149482	33.4180798	46.5815816	0.9962644	0.0241645	0.0829055	-0.0396404	0.9808959	0.1904520	-0.0767195	-0.1930269	0.9781895	0.0000000	49.6530571	7.0000000	2.0000000	0.0009957	2.0000000
311.0000000	855.9298706	193.7291870	225.3032227	33.9966896	-1.0188458	55.4596572	0.9960728	0.0249119	0.0849607	-0.0407327	0.9809553	0.1899145	-0.0786116	-0.1926293	0.9781177	0.0000000	48.6544418	7.0000000	2.0000000	0.0008162	2.0000000
312.0000000	856.9922485	263.2828674	183.5760956	32.4549030	-9.6919253	43.3929413	0.9964957	0.0381701	0.0744268	-0.0509623	0.9826409	0.1783808	-0.0663260	-0.1815486	0.9811427	0.0000000	48.1653519	6.0000000	2.0000000	0.0009040	2.0000000
313.0000000	858.4273071	351.9754333	232.7555084	68.1597625	5.6073057	89.1255698	0.6590357	0.7282515	-0.1879406	-0.4891204	0.6048185	0.6284551	0.5713433	-0.3222488	0.7547997	0.0000000	642.3678589	68.0000000	2.0000000	0.0009486	2.0000000
314.0000000	864.0828247	152.3593140	434.3231201	50.7571991	36.4012629	57.6805194	0.9958306	0.0222296	0.0884718	-0.0372657	0.9843702	0.1721239	-0.0832628	-0.1747033	0.9810943	0.0000000	47.3240471	5.0000000	2.0000000	0.0007455	2.0000000
315.0000000	861.5973511	380.7492065	448.0994568	58.1504531	35.2798807	17.5665671	0.9997247	0.0011984	0.0234327	0.0007349	0.9966057	-0.0823202	-0.0234518	0.0823148	0.9963304	0.0000000	4074.1357422	69.0000000	2.0000000	0.0009242	2.0000000
316.0000000	865.2117920	293.1395874	421.3824768	53.5476272	32.1029510	32.9389686	0.9960227	0.0263434	0.0851168	-0.0404116	0.9849497	0.1680508	-0.0794088	-0.1708221	0.9820968	0.0000000	88.2306671	11.0000000	2.0000000	0.0008918	2.0000000
317.0000000	881.5890503	423.4851074	389.2615356	34.7296330	-2.3425996	79.3714560	0.9973610	0.0485366	0.0539936	0.0519319	-0.9966383	-0.0633662	0.0507365	0.0660029	-0.9965287	0.0000000	2629.1196289	300.0000000	1.0000000	0.0594054	2.0000000
318.0000000	882.9085083	107.5211868	337.5018005	41.1153571	18.9875335	66.3281433	0.9962377	0.0327474	0.0802371	-0.0451543	0.9863962	0.1580619	-0.0739695	-0.1610903	0.9841638	0.0000000	45.6849060	10.0000000	2.0000000	0.0008443	2.0000000
319.0000000	886.2163086	302.1449585	488.2593994	57.9223980	43.3703861	28.4297307	0.1365368	0.3354753	0.9321019	0.0489927	0.9374755	-0.3445859	-0.9894228	0.0927149	0.1115641	0.0000000	879.0740967	36.0000000	2.0000000	0.0009583	2.0000000
320.0000000	883.1432495	347.7624207	297.7983704	63.5039245	24.8803475	95.6021944	0.2510116	0.5743106	0.7792051	-0.9232078	-0.0999575	0.3710738	0.2909990	-0.8125121	0.5051175	0.0000000	353.0521851	81.0000000	2.0000000	0.0009931	2.0000000
321.0000000	886.4265137	171.7660828	370.6809998	45.9913202	24.6034130	54.2842399	0.9952998	0.0305748	0.0918888	-0.0470154	0.9820860	0.1824739	-0.0846636	-0.1859364	0.9789074	0.0000000	49.5727730	7.0000000	2.0000000	0.0007900	2.0000000
322.0000000	889.1687622	290.5711975	239.9245148	37.6948325	-1.6625283	34.8275905	0.9967725	0.0204991	0.0776163	-0.0332441	0.9854529	0.1666658	-0.0730707	-0.1687082	0.9829538	0.0000000	51.8493042	10.0000000	2.0000000	0.0009858	2.0000000
323.0000000	899.3132935	353.4444580	371.3573914	50.5424326	20.7307227	20.8733065	0.9991070	0.0370362	0.0203328	-0.0378499	0.9984335	0.0412068	-0.0187748	-0.0419396	0.9989437	0.0000000	1644.8883057	25.0000000	2.0000000	0.0008027	2.0000000
324.0000000	891.8388672	277.6782227	313.5747986	43.7401586	11.7567370	35.2053059	0.9956622	0.0236195	0.0899942	-0.0395573	0.9829312	0.1796706	-0.0842143	-0.1824511	0.9796017	0.0000000	53.7370262	5.0000000	2.0000000	0.0006710	2.0000000
325.0000000	897.0181274	182.6553802	283.7088928	38.5756037	7.8995654	53.0728499	0.9964892	0.0241942	0.0801495	-0.0386225	0.9822251	0.1836902	-0.0742806	-0.1861409	0.9797112	0.0000000	50.4198303	6.0000000	2.0000000	0.0008460	2.0000000
326.0000000	896.1160278	217.5771637	481.1416931	56.4812580	42.6512829	42.8991455	0.9965219	0.0202385	0.0808361	-0.0356560	0.9803304	0.1941156	-0.0753174	-0.1963227	0.9776424	0.0000000	45.6402855	5.0000000	2.0000000	0.0008067	2.0000000
327.0000000	901.8723755	350.1979065	176.6112976	94.6604129	23.4898070	39.7106584	-0.9239872	-0.3613690	-0.1251401	0.2964982	-0.4702699	-0.8312250	0.2415293	-0.8051451	0.5416687	0.0000000	1437.7109375	300.0000000	1.0000000	0.0110286	2.0000000
328.0000000	907.0812988	418.0857544	243.5665588	43.6882830	28.5486273	78.9313613	0.9108332	-0.0985268	-0.4008432	-0.0105109	0.9652438	-0.2611398	0.4126407	0.2420680	0.8781405	0.0000000	613.8835449	173.0000000	2.0000000	0.0009964	2.0000000
329.0000000	903.3576050	437.4298096	317.6975098	32.4203021	9.5806474	80.3614882	0.8252551	0.1576964	0.5422968	-0.0444886	0.9753934	-0.2159363	-0.5630051	0.1540765	0.8119641	0.0000000	423.0727234	104.0000000	2.0000000	0.0009967	2.0000000
330.0000000	910.3476562	114.6768875	272.5165100	35.8011894	6.6387238	64.3556689	0.9959272	0.0220202	0.0874306	-0.0370078	0.9841024	0.1737032	-0.0822157	-0.1762314	0.9809093	0.0000000	45.9612885	5.0000000	2.0000000	0.0009363	2.0000000
331.0000000	910.0371704	251.9855042	385.2481995	49.0241327	24.2003465	37.5333870	0.9955560	0.0254323	0.0906717	-0.0412873	0.9832476	0.1775375	-0.0846375	-0.1804921	0.9799281	0.0000000	52.6927605	5.0000000	2.0000000	0.0005691	2.0000000
332.0000000	911.3024292	161.4349823	196.5304565	30.4784715	-8.0209842	57.3410860	0.9960597	0.0328183	0.0823892	-0.0480007	0.9806721	0.1896791	-0.0745719	-0.1928864	0.9783833	0.0000000	47.4981270	7.0000000	2.0000000	0.0008822	2.0000000
333.0000000	919.3810425	225.4414062	227.9350586	34.8409746	-3.8122538	44.4747213	0.9955403	0.0265636	0.0905203	-0.0423825	0.9831897	0.1775999	-0.0842809	-0.1806443	0.9799308	0.0000000	50.0630608	5.0000000	2.0000000	0.0004453	2.0000000
334.0000000	925.1576538	267.8967590	160.8996429	79.5687511	37.4916494	33.0877605	0.3275061	-0.5819515	0.7443602	0.7305880	-0.3435927	-0.5900723	0.5991502	0.7370729	0.3126381	0.0000000	728.1069336	300.0000000	1.0000000	0.0536805	2.0000000
335.0000000	928.2174072	376.0057983	457.9229126	58.4970491	34.6656814	13.6433329	0.9998016	0.0076156	-0.0184030	-0.0062487	0.9972959	0.0732253	0.0189109	-0.0730957	0.9971456	0.0000000	5560.7177734	31.0000000	2.0000000	0.0009890	2.0000000
336.0000000	932.3788452	163.3791809	453.7135925	52.4602525	36.9999808	50.2308403	0.9956147	0.0262967	0.0897762	-0.0423234	0.9824636	0.1815876	-0.0834267	-0.1845909	0.9792682	0.0000000	46.5546494	7.0000000	2.0000000	0.0008327	2.0000000
337.0000000	931.9469604	315.4741821	424.0594177	54.0867937	29.4907697	24.0034547	0.9980520	0.0326739	0.0531480	-0.0386448	0.9925549	0.1155052	-0.0489783	-0.1173341	0.9918840	0.0000000	1264.8487549	9.0000000	2.0000000	0.0009181	2.0000000
338.0000000	938.2295532	225.4633331	326.0349121	43.3445028	13.2003400	40.9136139	0.9961402	0.0269685	0.0835303	-0.0419709	0.9821359	0.1834325	-0.0770912	-0.1862303	0.9794770	0.0000000	52.3170586	6.0000000	2.0000000	0.0007479	2.0000000
339.0000000	937.8761597	113.5839844	381.1829224	44.8341081	24.5243654	60.2608482	0.9962732	0.0341998	0.0791833	-0.0475797	0.9836300	0.1738052	-0.0719430	-0.1769250	0.9815914	0.0000000	47.1842766	8.0000000	2.0000000	0.0009061	2.0000000
340.0000000	940.6513062	340.1436462	252.1653595	51.4116760	42.5035021	79.4296707	0.9192785	-0.0810999	-0.3851622	0.1157243	0.9909824	0.0675409	0.3762114	-0.1066615	0.9203740	0.0000000	981.8609009	300.0000000	1.0000000	1.1537814	2.0000000
341.0000000	944.9802856	253.9652557	446.8098145	55.1918853	34.5041982	33.5819710	0.9942968	0.0299020	0.1023710	-0.0485011	0.9816659	0.1843358	-0.0949821	-0.1882495	0.9775175	0.0000000	44.3726540	300.0000000	1.0000000	0.0102288	2.0000000
342.0000000	942.3134155	149.7489471	325.1457520	41.0703577	13.9153588	54.3008144	0.9956225	0.0332671	0.0873445	-0.0482842	0.9832233	0.1758995	-0.0800275	-0.1793469	0.9805255	0.0000000	48.1167297	5.0000000	2.0000000	0.0003234	2.0000000
343.0000000	946.8318481	372.7433777	317.5560608	46.1156644	8.7814687	14.1943871	0.9972334	0.0559218	0.0489729	-0.0523624	0.9960887	-0.0711727	-0.0527615	0.0684114	0.9962611	0.0000000	1731.3304443	23.0000000	2.0000000	0.0009438	2.0000000
344.0000000	946.3403320	303.6234436	349.7518616	47.0466801	15.6970939	26.1608495	0.9971701	0.0358202	0.0660965	-0.0425317	0.9937611	0.1031013	-0.0619910	-0.1056207	0.9924724	0.0000000	492.9903259	9.0000000	2.0000000	0.0009140	2.0000000
345.0000000	951.6724854	434.3279419	368.7788391	20.9593047	14.1655654	11.3165654	0.6895792	-0.6575611	0.3034700	0.6734768	0.7363326	0.0651403	-0.2662886	0.1594606	0.9506117	0.0000000	8140.0537109	300.0000000	1.0000000	0.0346909	2.0000000
346.0000000	951.9866333	193.3885956	389.3609619	47.7627525	24.3424823	44.6426328	0.9949401	0.0350936	0.0941421	-0.0524754	0.9805627	0.1890587	-0.0856774	-0.1930422	0.9774426	0.0000000	51.3920860	5.0000000	2.0000000	0.0007222	2.0000000
347.0000000	947.5565796	275.3269348	278.1180115	40.1752107	2.7481068	31.9152459	0.9962555	0.0262371	0.0823809	-0.0401634	0.9842354	0.1722429	-0.0765631	-0.1749067	0.9816037	0.0000000	52.4224777	6.0000000	2.0000000	0.0006055	2.0000000
348.0000000	955.2344971	318.6870728	490.2999268	95.9209688	-18.7611427	39.6253384	-0.1503401	0.0461598	-0.9875561	0.2006360	0.9795473	0.0152418	0.9680615	-0.1958478	-0.1565266	0.0000000	2010.7161865	24.0000000	2.0000000	0.0009207	2.0000000
349.0000000	957.8344116	168.8901672	249.9732819	34.9580214	-0.5170202	51.7274546	0.9967949	0.0256666	0.0757701	-0.0393319	0.9819911	0.1847876	-0.0696627	-0.1871755	0.9798533	0.0000000	47.2894745	8.0000000	2.0000000	0.0008362	2.0000000
350.0000000	957.3753052	386.0694275	203.7884064	36.0331423	-12.2530405	12.8101581	0.9565169	0.2840741	-0.0661608	-0.2899467	0.9507283	-0.1097574	0.0317218	0.1241679	0.9917540	0.0000000	3218.0219727	257.0000000	2.0000000	0.0007034	2.0000000
351.0000000	970.6055908	323.6977539	170.1375275	25.1248005	50.8837351	47.1475957	0.7888734	0.5049905	0.3502334	-0.4729130	0.8627751	-0.1788084	-0.3924692	-0.0245728	0.9194368	0.0000000	662.6542969	122.0000000	2.0000000	0.0009842	2.0000000
352.0000000	972.2473755	198.2216644	179.3961639	29.7649360	-13.9736043	46.2939286	0.9958878	0.0436379	0.0793933	-0.0799955	0.8349128	0.5445377	-0.0425240	-0.5486495	0.8349703	0.0000000	173.8103180	181.0000000	2.0000000	0.0009900	2.0000000
353.0000000	972.0243530	270.5460205	213.5207825	81.6222414	10.8983173	77.8360209	0.7453084	-0.0342601	-0.6658391	-0.3670828	0.8125930	-0.4527060	0.5565659	0.5818237	0.5930561	0.0000000	519.5433350	92.0000000	2.0000000	0.0009935	2.0000000
354.0000000	980.1045532	110.9519730	282.5513000	36.3147819	5.5201338	59.0554680	0.9962810	0.0281169	0.0814468	-0.0418340	0.9842159	0.1719560	-0.0753263	-0.1747238	0.9817319	0.0000000	47.1597939	5.0000000	2.0000000	0.0007478	2.0000000
355.0000000	978.2519531	354.1891174	387.2613525	51.5533618	20.4808816	14.3251106	0.9990738	0.0003453	0.0430288	-0.0032945	0.9976465	0.0684877	-0.0429039	-0.0685661	0.9967236	0.0000000	3962.4067383	29.0000000	2.0000000	0.0009837	2.0000000
356.0000000	991.8406982	198.9746552	454.0427856	53.2057764	33.9950324	39.0816300	0.9957502	0.0249181	0.0886603	-0.0412852	0.9813251	0.1878739	-0.0823231	-0.1907358	0.9781834	0.0000000	47.4103241	5.0000000	2.0000000	0.0009143	2.0000000
357.0000000	992.7828979	134.0401611	420.9013977	48.6694536	29.0837911	51.1920130	0.9957910	0.0368659	0.0839114	-0.0504281	0.9848794	0.1657392	-0.0765325	-0.1692731	0.9825932	0.0000000	48.2147141	9.0000000	2.0000000	0.0007809	2.0000000
358.0000000	991.0625610	257.3894958	501.5600281	58.8282321	41.6235721	28.1716692	0.9963148	-0.0375031	-0.0771379	0.0390909	0.9990516	0.0191769	0.0763455	-0.0221216	0.9968360	0.0000000	816.3643188	30.0000000	2.0000000	0.0009833	2.0000000
359.0000000	992.5368652	250.1775208	389.7641907	48.9275356	21.4406483	31.1487292	0.9950225	0.0189721	0.0978273	-0.0379651	0.9798436	0.1961256	-0.0921346	-0.1988634	0.9756867	0.0000000	60.3787422	14.0000000	2.0000000	0.0007534	2.0000000
360.0000000	997.7868042	369.8973389	467.0949707	58.8119609	33.5981812	9.7594309	0.9965492	0.0422071	-0.0714721	-0.0358437	0.9954677	0.0880866	0.0748660	-0.0852208	0.9935454	0.0000000	7521.2485352	42.0000000	2.0000000	0.0009999	2.0000000
361.0000000	999.3659668	302.9154663	437.1575012	29.7321781	13.1614125	64.4461225	0.2380730	-0.0215922	-0.9710072	0.4731286	0.8756891	0.0965298	0.8482161	-0.4823924	0.2186938	0.0000000	3468.4001465	300.0000000	1.0000000	0.0138295	2.0000000
362.0000000	1000.5646973	106.5775909	351.2551575	41.6761144	16.5748495	57.2892957	0.9965664	0.0318479	0.0764272	-0.0437918	0.9861306	0.1600900	-0.0702687	-0.1628872	0.9841392	0.0000000	47.5870667	5.0000000	2.0000000	0.0008350	2.0000000
363.0000000	1009.4159546	237.5313568	320.2284241	42.7117831	8.8179264	33.1758355	0.9962384	0.0315965	0.0806893	-0.0451779	0.9839755	0.1724855	-0.0739464	-0.1754821	0.9817016	0.0000000	51.3033142	5.0000000	2.0000000	0.0005064	2.0000000
364.0000000	1003.7989502	416.3938599	413.4749756	52.1500657	-10.4439055	60.3442316	0.1283243	0.9375349	-0.3233593	-0.9905369	0.1371690	0.0046104	0.0486773	0.3197077	0.9462650	0.0000000	362.2949829	300.0000000	1.0000000	0.0035480	2.0000000
365.0000000	1007.9391479	168.0876617	311.5472107	40.1460434	8.6749302	46.2825439	0.9962153	0.0332289	0.0803173	-0.0471611	0.9828376	0.1783424	-0.0730127	-0.1814553	0.9806850	0.0000000	53.5985260	5.0000000	2.0000000	0.0004364	2.0000000
366.0000000	1008.9108276	400.0134583	340.1866455	50.1904028	39.8544552	72.5359506	0.9623837	0.2617855	-0.0727049	-0.2608732	0.8155856	-0.5164933	-0.0759134	0.5160314	0.8531991	0.0000000	268.0564880	136.0000000	2.0000000	0.0009721	2.0000000
367.0000000	1014.5028687	283.5267029	265.8865662	39.1346278	-1.9132855	25.8215815	0.9977249	0.0210396	0.0640500	-0.0296369	0.9902118	0.1363901	-0.0605535	-0.1379780	0.9885825	0.0000000	328.9224548	20.0000000	2.0000000	0.0009562	2.0000000
368.0000000	1017.6088867	303.7580872	349.6300049	46.4648648	12.8317477	20.6489114	0.9992751	0.0380653	0.0005724	-0.0380333	0.9975525	0.0586731	0.0016624	-0.0586524	0.9982771	0.0000000	1654.8518066	10.0000000	2.0000000	0.0005619	2.0000000
369.0000000	1011.9194946	353.5084229	285.5067139	45.7397201	58.6615513	58.0228064	0.9676908	0.0859176	-0.2370499	-0.2476962	0.4996612	-0.8300514	0.0471286	0.8619495	0.5047990	0.0000000	290.1343079	147.0000000	2.0000000	0.0009924	2.0000000
370.0000000	1013.3062134	212.4761658	252.5473785	36.2297570	-2.8598332	38.5374384	0.9960263	0.0257848	0.0852453	-0.0406380	0.9832998	0.1773977	-0.0792476	-0.1801570	0.9804403	0.0000000	57.4393463	5.0000000	2.0000000	0.0008120	2.0000000
371.0000000	1015.3815308	153.7339020	213.1946869	31.0395122	-9.3480733	50.2141158	0.9942813	0.0417665	0.0982869	-0.0599251	0.9799994	0.1897636	-0.0883954	-0.1945682	0.9768979	0.0000000	64.1984940	7.0000000	2.0000000	0.0008390	2.0000000
372.0000000	1017.1018066	404.3737183	236.0458984	40.1770028	5.4792161	106.5188245	0.9717546	-0.1496324	0.1824915	0.1650315	0.9836380	-0.0722554	-0.1686939	0.1003313	0.9805488	0.0000000	2018.2976074	24.0000000	2.0000000	0.0009262	2.0000000
373.0000000	1022.7015991	252.6150360	163.6679077	29.5922166	-19.6382438	32.6448089	0.9873988	-0.0248345	0.1562907	0.0160119	0.9982195	0.0574577	-0.1574394	-0.0542312	0.9860384	0.0000000	997.1752319	25.0000000	2.0000000	0.0009972	2.0000000
374.0000000	1021.3311768	334.6639709	218.8331909	33.3890344	18.9358511	79.5765348	0.9527058	-0.1248379	0.2770689	0.2442064	0.8571428	-0.4535080	-0.1808726	0.4997217	0.8470911	0.0000000	495.1387329	136.0000000	2.0000000	0.0009915	2.0000000
375.0000000	1020.8204956	184.5316315	377.9765625	46.0828323	19.2073540	41.3380280	0.9948861	0.0123682	0.1002428	-0.0286251	0.9863090	0.1624046	-0.0968617	-0.1644435	0.9816191	0.0000000	50.9274673	10.0000000	2.0000000	0.0009834	2.0000000
