bead_id;voxels;volume_mm3;eq_diameter_um;centroid_z_vox;centroid_y_vox;centroid_x_vox;bbox_z;bbox_y;bbox_x;sphericity;wall_touching
1;286081;4.3457;2024.6626;715.6190;271.9271;114.9335;85;86;80;0.8590;0
25;228928;3.4775;1879.7033;443.8575;67.5990;293.7822;77;74;78;0.9213;0
3;226280;3.4373;1872.4277;582.2210;123.8743;187.6185;78;78;75;0.9107;0
31;225465;3.4249;1870.1770;662.5301;268.6427;292.3440;82;74;75;0.7810;0
2;224305;3.4073;1866.9642;313.0406;46.8724;225.7484;76;74;78;0.9027;0
33;218972;3.3263;1852.0492;309.8071;225.6773;57.8680;77;74;75;0.9160;0
5;217391;3.3022;1847.5811;452.5924;307.3148;352.2065;76;74;74;0.9458;0
21;216927;3.2952;1846.2657;594.0746;163.6833;268.7058;76;75;74;0.9438;0
4;216619;3.2905;1845.3915;562.1195;97.9312;88.6025;76;75;75;0.9424;0
171;216128;3.2831;1843.9961;648.1517;382.7409;217.6141;74;68;85;0.6721;0
6;216003;3.2812;1843.6406;374.2354;149.4214;145.1418;76;77;73;0.9036;0
214;214141;3.2529;1838.3277;186.0201;88.1302;334.4472;79;82;68;0.7418;0
8;213732;3.2467;1837.1566;817.6432;331.3949;272.2663;76;74;74;0.9299;0
37;213656;3.2455;1836.9388;378.5996;86.8145;321.5550;76;79;72;0.8276;0
18;213041;3.2362;1835.1746;532.6606;375.9566;249.1557;76;74;73;0.9269;0
10;213005;3.2356;1835.0712;763.7856;100.5488;237.8776;76;74;74;0.9267;0
7;212815;3.2327;1834.5254;107.1021;301.1136;290.8952;74;75;76;0.9259;0
14;212319;3.2252;1833.0991;369.3285;236.7073;101.6749;74;74;74;1.0007;0
9;211363;3.2107;1830.3437;669.6873;179.8288;38.1877;77;74;74;0.8842;0
26;211146;3.2074;1829.7171;645.8966;303.4744;140.8926;74;73;77;0.8833;0
61;210908;3.2038;1829.0294;219.4661;223.3722;123.5973;71;76;77;0.8823;0
16;210306;3.1946;1827.2875;227.3126;348.1193;224.9446;73;76;76;0.9150;0
23;210241;3.1936;1827.0992;247.2300;68.2047;302.3822;73;76;74;0.9147;0
11;210184;3.1928;1826.9341;411.4911;347.5407;184.3899;74;74;73;0.9906;0
154;209014;3.1750;1823.5379;591.9108;77.1895;301.6469;82;72;69;0.7240;0
96;208527;3.1676;1822.1205;697.5749;205.5613;306.2278;79;73;73;0.8078;0
17;207547;3.1527;1819.2616;199.9005;110.3826;244.2394;75;75;73;0.9396;0
15;207278;3.1486;1818.4753;457.6781;228.2018;89.8652;74;74;75;0.9384;0
28;207014;3.1446;1817.7029;507.9752;265.3900;127.4728;73;76;75;0.9007;0
12;206138;3.1313;1815.1353;492.4398;62.7813;143.2116;75;73;74;0.9332;0
13;206078;3.1304;1814.9592;812.7652;382.1161;201.5183;72;73;74;0.9713;0
108;206042;3.1298;1814.8535;666.0014;98.7736;188.2340;72;75;75;0.9328;0
62;205945;3.1284;1814.5687;523.6730;137.1399;137.7874;76;75;71;0.8960;0
48;205920;3.1280;1814.4953;70.5085;234.3903;127.1420;71;72;77;0.8614;0
22;205403;3.1201;1812.9754;412.1035;132.3802;71.4775;75;72;74;0.9299;0
19;204712;3.1096;1810.9401;99.3569;211.2363;274.8056;73;74;73;0.9648;0
210;204533;3.1069;1810.4122;778.7808;270.5846;245.8851;69;78;74;0.8232;0
20;204200;3.1019;1809.4291;479.5014;128.4559;268.4225;73;74;74;0.9624;0
193;204174;3.1015;1809.3523;306.8015;224.8743;388.2680;75;75;68;0.9243;0
51;204137;3.1009;1809.2430;489.8059;315.9075;246.4261;77;71;77;0.8540;0
35;203749;3.0950;1808.0960;690.4895;246.5788;365.0630;76;73;72;0.8865;0
34;203461;3.0906;1807.2437;130.2576;189.4561;338.3194;73;73;75;0.9211;0
111;203422;3.0901;1807.1282;359.4830;173.1113;379.3346;72;75;72;0.9209;0
30;203317;3.0885;1806.8172;258.0333;88.4659;187.8885;73;74;73;0.9583;0
32;202986;3.0834;1805.8362;752.7810;75.6666;106.0845;72;73;76;0.8831;0
128;202696;3.0790;1804.9758;383.9467;158.4457;298.9828;73;75;76;0.8819;0
235;202573;3.0772;1804.6106;70.7930;108.8882;103.8279;72;74;74;0.9547;1
24;202572;3.0771;1804.6077;289.5622;254.2628;124.5342;73;73;74;0.9547;0
50;202443;3.0752;1804.2245;631.9950;117.0831;69.3371;76;71;75;0.8808;0
137;202233;3.0720;1803.6005;753.1139;207.6682;153.0065;69;76;75;0.8799;0
27;201846;3.0661;1802.4492;579.4704;379.8319;194.8310;74;73;74;0.9513;0
49;201524;3.0612;1801.4903;415.4027;135.1799;361.6303;74;74;73;0.9498;0
46;200768;3.0497;1799.2347;251.1129;326.8218;347.8811;74;76;73;0.8735;0
52;200008;3.0382;1796.9615;298.6075;374.2265;268.9360;73;74;72;0.9427;0
152;199837;3.0356;1796.4493;316.9737;325.3748;100.4990;73;75;72;0.9047;0
53;199742;3.0341;1796.1646;618.5974;256.5638;366.0066;73;74;73;0.9414;0
69;199341;3.0281;1794.9618;757.3327;48.9232;174.5293;73;71;75;0.9024;0
250;199325;3.0278;1794.9138;269.6844;202.2414;332.2350;74;78;69;0.8022;0
36;199287;3.0272;1794.7997;173.8666;190.8485;65.7055;73;73;75;0.9022;0
54;199174;3.0255;1794.4604;107.4969;158.8418;217.1664;72;71;74;0.9387;0
209;199105;3.0245;1794.2531;176.1285;252.9209;390.6371;74;73;70;0.9384;0
149;198154;3.0100;1791.3919;138.7629;85.4172;124.0886;73;76;70;0.8621;0
39;198125;3.0096;1791.3045;447.4487;47.4647;198.2686;73;73;73;0.9727;0
38;197691;3.0030;1789.9956;164.3945;117.2980;181.1407;73;73;72;0.9706;0
29;197444;2.9992;1789.2498;103.0380;172.1223;141.7434;72;73;73;0.9693;0
57;197227;2.9959;1788.5941;324.3624;61.0982;150.9238;72;76;71;0.8581;0
47;197112;2.9942;1788.2464;575.8992;289.2163;126.6652;74;74;74;0.9290;0
42;197061;2.9934;1788.0921;351.3130;380.8624;219.8411;73;73;75;0.8921;0
159;196637;2.9870;1786.8088;226.7517;368.3485;293.4387;74;69;77;0.8226;0
56;196628;2.9868;1786.7815;500.7879;112.2612;200.7151;75;73;72;0.8901;0
60;196384;2.9831;1786.0421;648.2100;333.5466;319.6800;72;74;73;0.9256;0
66;196285;2.9816;1785.7419;356.2344;308.4103;228.4195;72;74;72;0.9251;0
73;196219;2.9806;1785.5418;491.2537;249.5377;375.1186;71;75;72;0.8883;0
81;196174;2.9800;1785.4053;517.1197;345.3530;311.6219;74;75;72;0.8881;0
45;195795;2.9742;1784.2547;721.2738;158.0142;356.3195;73;72;72;0.9612;0
129;195792;2.9741;1784.2456;649.4705;153.5686;356.0917;74;71;75;0.8864;0
163;195639;2.9718;1783.7807;345.9538;283.6145;294.3906;72;76;70;0.8512;0
41;195383;2.9679;1783.0024;821.2814;63.8708;265.0174;73;72;72;0.9592;0
40;194954;2.9614;1781.6964;467.0341;363.5555;139.6569;73;72;75;0.8826;0
63;194910;2.9607;1781.5624;681.6201;98.7087;322.3546;73;72;73;0.9569;0
55;194710;2.9577;1780.9528;95.6536;48.2982;200.8750;73;72;73;0.9559;0
44;194656;2.9569;1780.7882;104.1806;136.0311;291.5052;75;73;72;0.8812;0
74;194485;2.9543;1780.2665;515.7405;77.1160;304.8635;73;72;75;0.8804;0
80;194425;2.9534;1780.0835;824.4638;213.4340;253.9595;70;74;73;0.9163;0
146;194284;2.9512;1779.6530;385.5505;45.9866;247.3578;76;70;72;0.8453;0
43;193670;2.9419;1777.7763;705.0717;114.7684;64.5117;73;73;73;0.9508;0
93;193228;2.9352;1776.4228;754.2343;101.6433;321.0461;73;74;71;0.9107;0
70;193184;2.9345;1776.2880;377.9500;261.2925;180.5012;71;73;71;0.9484;0
58;193123;2.9336;1776.1010;311.6959;163.0340;289.4317;73;71;72;0.9481;0
65;192796;2.9286;1775.0980;760.4248;120.3814;167.6479;72;73;74;0.9087;0
76;192334;2.9216;1773.6790;175.5277;277.0247;149.9621;73;73;71;0.9443;0
68;192008;2.9167;1772.6763;190.6452;262.7887;68.5125;73;73;70;0.9427;0
176;191797;2.9135;1772.0267;518.8247;45.5755;214.0635;74;71;73;0.9040;0
59;191673;2.9116;1771.6447;124.7122;292.9550;86.3529;71;73;72;0.9410;0
67;191667;2.9115;1771.6263;319.2662;340.5296;330.4322;74;73;73;0.9033;0
99;191476;2.9086;1771.0376;818.1991;85.5252;191.1062;72;71;74;0.9024;0
75;190764;2.8978;1768.8397;700.1157;133.6573;132.5287;73;73;73;0.9365;0
78;190553;2.8946;1768.1873;715.0155;199.6567;90.6318;72;70;72;0.9750;0
195;190054;2.8870;1766.6425;634.3491;319.4093;248.6431;72;68;77;0.7951;0
238;190047;2.8869;1766.6208;375.5133;245.6311;383.3905;74;74;69;0.8957;0
71;189999;2.8862;1766.4720;422.2065;278.0877;130.2869;71;74;72;0.8955;0
64;189434;2.8776;1764.7193;196.3217;122.1154;87.5568;74;71;72;0.8928;0
82;189415;2.8773;1764.6603;235.7040;197.4756;270.4467;72;72;71;0.9692;0
79;189155;2.8733;1763.8525;716.8874;321.2470;329.4452;72;72;72;0.9679;0
232;189056;2.8718;1763.5447;303.8862;133.2148;156.9535;73;76;69;0.8225;0
271;189014;2.8712;1763.4141;224.9962;140.6162;376.0847;72;73;74;0.8908;0
109;188879;2.8691;1762.9942;418.0920;208.4537;147.8693;74;71;71;0.8902;0
116;188816;2.8682;1762.7982;175.6750;314.5316;278.9130;73;73;72;0.9270;0
91;188631;2.8654;1762.2223;441.7303;242.1389;206.2316;71;72;72;0.9652;0
94;188201;2.8588;1760.8822;162.2270;257.6157;320.0096;71;71;71;1.0043;0
222;188166;2.8583;1760.7730;172.5328;50.9370;274.4580;70;71;73;0.9238;0
139;188086;2.8571;1760.5235;709.1449;309.3168;250.6943;70;73;72;0.9234;0
89;188078;2.8570;1760.4985;489.9314;103.9225;84.5978;72;72;71;0.9624;0
87;187800;2.8527;1759.6307;396.6381;243.3261;262.6850;72;70;73;0.9220;0
86;187771;2.8523;1759.5401;747.2173;380.2538;164.0979;72;71;71;0.9608;0
84;187748;2.8520;1759.4682;809.0560;350.6500;93.8508;73;72;71;0.9217;0
115;187680;2.8509;1759.2558;811.9368;201.4909;115.7713;70;72;72;0.9603;0
105;187633;2.8502;1759.1089;468.7809;302.0604;178.8319;75;70;71;0.8494;0
103;187597;2.8497;1758.9964;105.6804;286.6578;161.0196;72;70;72;0.9599;0
90;187442;2.8473;1758.5118;585.9663;356.6518;294.9186;73;70;72;0.9202;0
175;187265;2.8446;1757.9582;265.4253;138.4394;240.8897;69;71;75;0.8478;0
160;187222;2.8440;1757.8236;291.1678;172.1690;103.6829;71;71;72;0.9580;0
120;187148;2.8428;1757.5920;762.9218;251.7344;361.2741;73;71;70;0.9188;0
247;187025;2.8410;1757.2068;551.8347;104.2864;250.4305;76;70;70;0.8137;0
77;186913;2.8393;1756.8560;810.9500;276.7552;114.5659;72;71;73;0.9176;0
124;186642;2.8352;1756.0065;378.8814;309.7728;355.1201;74;70;73;0.8797;0
169;186431;2.8320;1755.3445;340.5326;99.5482;266.2380;72;73;71;0.9153;0
104;186394;2.8314;1755.2284;533.7961;152.4099;309.0683;69;72;73;0.9151;0
101;186236;2.8290;1754.7323;307.8676;91.5006;333.9048;71;72;72;0.9529;0
102;186204;2.8285;1754.6318;664.7473;174.4874;251.1842;73;72;70;0.9142;0
182;186200;2.8284;1754.6192;655.3704;239.8896;90.4701;71;72;72;0.9528;0
107;186198;2.8284;1754.6130;699.5018;330.0252;184.2462;73;71;72;0.9141;0
72;186097;2.8269;1754.2956;607.5283;364.2981;131.6713;72;71;71;0.9522;0
85;185939;2.8245;1753.7990;252.3442;346.8801;122.9292;72;69;71;0.9514;0
97;185780;2.8221;1753.2990;590.2775;47.4861;215.4665;71;70;73;0.9121;0
145;185771;2.8219;1753.2707;363.3060;93.8891;200.3253;72;71;71;0.9506;0
106;185762;2.8218;1753.2424;340.3122;217.3458;325.6125;72;72;71;0.9505;0
117;185572;2.8189;1752.6444;506.3543;325.1316;84.8910;69;72;73;0.9111;0
88;185344;2.8154;1751.9263;526.9699;231.4732;41.9922;70;72;72;0.9484;0
92;185320;2.8151;1751.8507;591.3935;284.0991;304.7246;73;71;72;0.9098;0
212;185304;2.8148;1751.8003;751.2824;360.3020;281.9857;72;68;74;0.8734;0
110;185258;2.8141;1751.6553;82.2462;222.2854;198.4145;71;70;74;0.8731;0
98;185235;2.8138;1751.5828;196.5533;366.6453;161.4253;71;70;72;0.9478;0
83;185215;2.8135;1751.5198;590.7544;156.1953;119.7685;73;72;71;0.9093;0
118;185133;2.8122;1751.2613;814.1974;228.5704;185.3478;74;71;73;0.8725;0
200;185086;2.8115;1751.1130;348.2343;163.6273;58.8703;72;74;68;0.8723;0
136;184995;2.8101;1750.8260;588.4175;228.4779;76.9788;71;72;72;0.9466;0
153;184890;2.8085;1750.4947;531.6090;152.5885;52.8709;74;70;71;0.8714;0
112;184344;2.8002;1748.7699;741.4918;167.9903;34.8753;72;71;70;0.9433;0
126;184327;2.8000;1748.7161;521.9505;177.9127;373.8375;72;71;70;0.9432;0
161;183659;2.7898;1746.6011;429.1124;114.2773;182.1409;74;71;70;0.8656;0
246;183649;2.7897;1746.5694;560.2128;220.7871;319.3143;70;74;71;0.8656;0
114;183626;2.7893;1746.4965;494.3595;225.7440;250.7480;71;72;72;0.9396;0
119;183607;2.7891;1746.4363;231.2049;44.9570;236.0093;70;71;72;0.9395;0
230;183564;2.7884;1746.2999;69.4141;327.3952;115.1456;69;73;72;0.9012;1
216;183520;2.7877;1746.1604;826.8691;221.6873;359.5507;67;72;70;0.9390;0
100;183353;2.7852;1745.6306;522.8470;274.6475;293.8109;72;72;72;0.9382;0
148;183349;2.7851;1745.6179;485.0240;121.2509;351.5041;73;69;72;0.9001;0
134;183324;2.7848;1745.5385;683.0909;62.3767;130.8646;73;71;69;0.9000;0
95;183035;2.7804;1744.6208;396.1909;173.2350;222.1155;72;71;71;0.9366;0
144;182729;2.7757;1743.6480;569.3468;194.7839;175.6969;71;71;72;0.9350;0
140;182568;2.7733;1743.1358;378.4768;83.8248;111.3299;70;73;70;0.8963;0
127;182385;2.7705;1742.5532;163.1508;191.5128;248.1261;70;72;72;0.9332;0
123;182347;2.7699;1742.4321;319.8779;302.4297;167.5074;70;70;73;0.8952;0
158;182194;2.7676;1741.9447;243.9587;195.7675;59.7712;71;72;71;0.9323;0
168;182122;2.7665;1741.7152;625.2213;101.2646;246.2711;72;72;69;0.9319;0
130;181978;2.7643;1741.2560;288.6085;376.6105;186.3043;71;70;70;0.9711;0
122;181893;2.7630;1740.9848;284.9675;252.6500;204.8419;70;71;72;0.9307;0
133;181751;2.7609;1740.5317;825.0401;107.1337;320.8253;69;71;71;0.9698;0
150;181447;2.7562;1739.5607;267.4303;194.1090;167.2676;72;72;71;0.9284;0
143;181434;2.7560;1739.5192;163.3038;380.2091;223.0010;71;70;72;0.9284;0
157;181070;2.7505;1738.3551;446.3808;294.3525;65.1823;72;71;72;0.9265;0
147;181065;2.7504;1738.3391;584.7753;127.7962;350.1146;72;70;71;0.9265;0
166;180972;2.7490;1738.0414;561.6763;309.7586;244.7152;71;73;71;0.8885;0
186;180836;2.7470;1737.6059;684.0898;217.0555;167.8178;71;72;69;0.9253;0
256;180596;2.7433;1736.8369;154.1359;216.7009;183.1992;72;71;70;0.9241;0
113;180429;2.7408;1736.3014;770.2065;239.1057;71.0545;70;71;71;0.9628;0
121;180260;2.7382;1735.7591;561.6139;292.0275;57.3021;71;71;71;0.9619;0
141;180140;2.7364;1735.3738;264.4521;82.3996;117.8874;71;71;71;0.9613;0
170;179969;2.7338;1734.8246;805.0694;293.6117;44.8499;71;68;72;0.9209;0
245;179953;2.7335;1734.7731;792.0088;159.9622;354.4281;70;72;69;0.9208;0
224;179466;2.7262;1733.2068;764.4751;189.3286;221.5075;71;68;72;0.9183;0
198;179178;2.7218;1732.2792;527.8602;247.5717;193.4482;68;73;70;0.8797;0
125;179062;2.7200;1731.9053;537.1733;365.8679;133.3561;71;71;71;0.9555;0
275;178620;2.7133;1730.4791;236.7758;210.3674;393.3510;72;74;64;0.8419;0
155;178598;2.7130;1730.4080;534.0058;167.1710;231.0882;72;70;71;0.9139;0
131;178472;2.7111;1730.0010;132.6205;258.1166;232.7942;71;70;71;0.9523;0
258;178453;2.7108;1729.9396;296.1059;272.8946;338.9830;69;73;71;0.8761;0
135;178389;2.7098;1729.7328;342.9009;218.9519;224.3093;71;70;71;0.9519;0
156;178184;2.7067;1729.0699;131.5837;350.6724;136.9057;73;69;71;0.8748;0
132;178083;2.7051;1728.7432;492.1129;207.7754;318.7408;72;69;71;0.9112;0
261;177966;2.7034;1728.3645;295.2637;147.3269;375.2992;71;70;70;0.9496;0
180;177699;2.6993;1727.4997;707.1385;151.8574;201.0802;69;69;73;0.8724;0
151;177582;2.6975;1727.1205;295.9012;234.4455;273.7960;69;70;70;0.9888;0
187;177485;2.6961;1726.8060;182.2781;315.0451;355.0195;72;69;69;0.9082;0
184;177257;2.6926;1726.0662;665.4547;273.6568;206.6801;74;69;70;0.8354;0
142;177111;2.6904;1725.5922;630.9753;296.1956;55.1992;69;70;70;0.9862;0
207;176837;2.6862;1724.7019;705.5999;247.9439;39.9841;70;72;68;0.9049;0
138;176741;2.6848;1724.3897;173.3751;169.3821;134.2282;71;70;71;0.9431;0
183;176271;2.6776;1722.8599;453.8114;151.5204;124.8794;70;71;69;0.9406;0
185;176157;2.6759;1722.4884;764.5460;151.9387;103.7613;71;69;71;0.9400;0
177;175829;2.6709;1721.4186;419.2106;310.8688;261.3520;71;72;69;0.8997;0
203;175732;2.6694;1721.1020;382.6842;357.1833;303.2798;68;72;71;0.8992;0
220;175468;2.6654;1720.2397;598.4725;289.1873;192.2784;71;72;69;0.8978;0
179;175427;2.6648;1720.1057;639.9219;164.9519;170.1375;69;70;72;0.8976;0
172;175030;2.6588;1718.8072;243.7736;297.6698;171.0599;70;70;70;0.9746;0
192;174795;2.6552;1718.0376;256.3494;294.2457;76.5961;70;71;68;0.9327;0
213;174769;2.6548;1717.9524;139.7674;358.1039;319.1103;68;69;71;0.9326;0
167;174472;2.6503;1716.9787;619.9041;237.8666;151.8350;70;69;72;0.8927;0
164;174460;2.6501;1716.9393;562.7121;56.2623;150.7819;70;69;71;0.9309;0
251;174151;2.6454;1715.9251;764.2840;315.1904;148.6302;71;69;71;0.9293;0
174;173975;2.6427;1715.3468;128.6958;140.9464;81.0766;70;70;70;0.9687;0
273;173934;2.6421;1715.2121;405.2774;206.9299;47.4082;73;69;68;0.8539;0
199;173902;2.6416;1715.1069;816.4024;158.9603;184.8529;71;70;70;0.9280;0
202;173745;2.6392;1714.5906;591.9708;191.6627;373.0168;71;70;69;0.9271;0
162;173586;2.6368;1714.0674;622.8119;220.7961;219.1143;70;71;69;0.9263;0
165;173563;2.6365;1713.9917;736.1627;262.0086;297.1085;70;71;70;0.9262;0
239;173522;2.6359;1713.8567;489.6905;201.7337;155.2005;72;70;67;0.8879;0
189;173441;2.6346;1713.5900;202.3729;68.4032;146.8327;71;68;71;0.9255;0
215;173368;2.6335;1713.3495;710.3979;229.7199;241.2463;70;69;70;0.9653;0
178;173287;2.6323;1713.0827;440.3946;188.1091;274.6290;70;68;70;0.9649;0
234;173139;2.6300;1712.5948;733.0974;267.6821;188.8772;70;67;74;0.8160;0
211;173063;2.6289;1712.3442;473.2816;382.4840;207.9069;70;68;73;0.8496;0
197;173000;2.6279;1712.1364;109.6054;322.4588;221.3685;69;72;71;0.8852;0
188;172969;2.6275;1712.0341;813.4598;107.8226;123.4205;69;69;71;0.9230;0
257;172524;2.6207;1710.5647;450.4982;358.1351;301.0947;70;70;69;0.9606;0
173;172477;2.6200;1710.4093;347.5686;367.1211;150.4198;71;69;71;0.9204;0
236;172323;2.6176;1709.9001;245.5767;139.3912;308.4319;68;69;72;0.8818;0
190;172203;2.6158;1709.5031;563.7045;233.5458;251.6911;70;70;70;0.9588;0
208;172012;2.6129;1708.8709;412.7613;110.8119;248.7436;71;71;71;0.9179;0
181;171896;2.6112;1708.4866;619.6363;92.6340;134.6285;69;70;70;0.9571;0
191;171696;2.6081;1707.8238;454.8686;261.6406;296.0773;71;69;70;0.9162;0
196;171536;2.6057;1707.2931;785.8016;313.1290;332.9917;70;71;69;0.9153;0
201;171450;2.6044;1707.0077;693.8196;110.2230;255.1168;72;71;69;0.8773;0
259;171180;2.6003;1706.1112;219.8857;236.0710;195.1370;68;72;72;0.8759;0
269;171082;2.5988;1705.7856;132.0830;96.8322;240.4685;67;70;73;0.8399;0
227;171018;2.5978;1705.5728;815.3654;297.4143;191.9725;71;70;67;0.9126;0
270;170740;2.5936;1704.6482;819.3453;141.3923;259.9590;70;72;68;0.8737;0
264;170651;2.5922;1704.3519;553.1377;279.1782;363.3007;68;71;69;0.9106;0
205;170300;2.5869;1703.1826;377.2362;300.9660;72.8556;70;70;69;0.9482;0
229;170283;2.5867;1703.1259;781.5034;208.7439;307.8934;70;69;69;0.9482;0
265;170217;2.5857;1702.9059;141.9971;229.0945;115.1177;69;68;72;0.8710;0
204;170002;2.5824;1702.1886;745.9929;155.9062;279.4323;68;69;70;0.9466;0
194;169930;2.5813;1701.9482;416.2571;379.7179;247.3545;71;69;69;0.9068;0
217;169740;2.5784;1701.3137;104.9129;378.9536;262.2502;68;68;72;0.8685;0
237;169483;2.5745;1700.4546;762.6076;334.8974;215.6913;67;69;73;0.8321;0
221;169325;2.5721;1699.9260;329.9041;151.9630;220.2979;70;70;70;0.9428;0
242;168578;2.5608;1697.4225;466.2354;172.1053;213.1709;73;69;68;0.8276;0
206;168487;2.5594;1697.1170;708.7648;49.1753;226.9880;68;69;69;0.9795;0
226;168349;2.5573;1696.6536;251.4422;285.7075;288.4201;70;69;68;0.9374;0
240;168187;2.5548;1696.1092;402.3989;348.9195;114.9048;70;69;69;0.9365;0
218;167923;2.5508;1695.2213;466.3897;172.2624;48.9713;69;70;69;0.9350;0
233;167864;2.5499;1695.0227;197.2201;252.8508;258.5395;69;69;70;0.9347;0
263;167590;2.5457;1694.0999;532.5405;198.7985;103.4246;72;67;68;0.8575;0
228;167250;2.5406;1692.9535;213.9606;166.6471;202.7122;68;70;69;0.9313;0
253;166949;2.5360;1691.9373;448.3760;194.2732;380.6059;67;69;69;0.9706;0
225;166232;2.5251;1689.5117;822.0743;262.9592;303.8960;68;68;69;0.9664;0
260;166223;2.5250;1689.4812;288.1720;312.9450;237.9398;68;68;70;0.9255;0
223;166064;2.5226;1688.9424;410.0942;221.2944;327.1991;69;68;69;0.9654;0
231;166046;2.5223;1688.8813;229.2222;259.5229;345.8977;71;69;68;0.8860;0
266;165992;2.5215;1688.6982;173.7256;147.8006;297.7487;71;69;66;0.8858;0
219;165687;2.5168;1687.6633;598.7893;170.3268;42.0009;71;68;68;0.8841;0
254;163759;2.4876;1681.0916;334.8770;210.1881;156.6382;69;69;68;0.9520;0
241;162862;2.4739;1678.0166;83.6587;111.6809;171.8614;67;69;68;0.9468;0
274;162523;2.4688;1676.8515;168.0953;48.6317;203.4780;65;68;72;0.8316;0
249;162164;2.4633;1675.6159;105.1387;203.3723;64.6078;70;68;67;0.9029;0
279;161097;2.4471;1671.9328;65.0673;270.0802;243.1224;62;76;66;0.7009;1
268;160642;2.4402;1670.3572;625.8845;207.8870;314.7333;67;69;69;0.9339;0
255;160155;2.4328;1668.6676;675.9499;363.1153;119.3449;71;67;66;0.8546;0
243;160090;2.4318;1668.4418;738.8872;306.5474;53.5975;68;68;68;0.9724;0
244;159943;2.4296;1667.9310;199.6523;199.9792;333.7987;68;67;68;0.9715;0
272;159312;2.4200;1665.7347;318.5971;111.6009;89.4366;70;65;68;0.8871;0
262;159309;2.4200;1665.7242;716.6863;383.0113;225.4638;69;68;69;0.9262;0
280;158487;2.4075;1662.8543;535.7602;316.4306;180.6054;68;71;69;0.8457;0
248;157588;2.3938;1659.7043;740.9061;355.1008;99.6607;69;68;69;0.9162;0
252;157535;2.3930;1659.5182;233.7276;138.3274;144.1121;68;68;67;0.9569;0
278;156356;2.3751;1655.3678;173.3837;184.9642;394.1591;70;66;65;0.8706;0
267;154059;2.3402;1647.2216;186.9201;324.4799;101.2330;67;67;67;0.9783;0
277;150002;2.2786;1632.6334;174.8199;310.6249;210.0990;65;68;68;0.9111;0
276;134863;2.0486;1575.7498;654.0915;173.1554;104.9072;64;65;67;0.8564;0
281;100576;1.5278;1428.9634;51.0714;276.4127;78.9822;40;68;68;0.6109;1
282;91549;1.3907;1384.8653;49.3350;210.4308;69.6225;37;68;70;0.5098;1
