bond_id;labelA;labelB;d1_vox;d2_vox;strain;broken;nx_A;ny_A;nz_A;nx_B;ny_B;nz_B;normal_dz
0;1;2;66.951;4.252;-0.936496;0;164.40;278.50;36.96;174.12;345.36;41.14;0.062
1;1;3;70.661;3.872;-0.945201;1;164.40;278.50;36.96;221.98;303.60;69.34;0.458
2;1;10;67.749;67.359;-0.005761;1;164.40;278.50;36.96;159.77;272.88;103.70;0.994
3;2;3;70.085;4.733;-0.932467;1;174.12;345.36;41.14;221.98;303.60;69.34;0.406
4;2;4;68.345;145.115;1.123258;1;174.12;345.36;41.14;210.83;397.02;67.77;0.387
5;3;7;73.227;144.399;0.971938;1;221.98;303.60;69.34;293.85;291.62;81.42;0.164
6;3;10;77.925;68.107;-0.125994;0;221.98;303.60;69.34;159.77;272.88;103.70;0.444
7;3;12;71.794;67.677;-0.057341;1;221.98;303.60;69.34;238.11;240.95;102.13;0.452
8;3;13;71.534;69.220;-0.032355;1;221.98;303.60;69.34;256.66;355.17;104.94;0.497
9;3;27;72.717;72.943;0.003109;1;221.98;303.60;69.34;210.43;298.70;140.45;0.985
10;4;13;71.276;156.588;1.196927;1;210.83;397.02;67.77;256.66;355.17;104.94;0.514
11;4;19;71.235;174.870;1.454827;1;210.83;397.02;67.77;182.10;362.45;123.92;0.781
12;4;22;69.879;226.976;2.248144;1;210.83;397.02;67.77;232.89;419.69;130.48;0.893
13;5;8;69.444;79.250;0.141207;1;199.38;177.22;69.14;267.50;179.97;82.94;0.198
14;5;12;80.998;95.940;0.184478;1;199.38;177.22;69.14;238.11;240.95;102.13;0.405
15;5;20;70.675;73.530;0.040405;1;199.38;177.22;69.14;176.58;210.26;127.02;0.822
16;5;25;75.128;7.053;-0.906122;1;199.38;177.22;69.14;219.31;154.16;137.54;0.913
17;6;7;67.981;121.733;0.790678;1;339.79;339.19;64.69;293.85;291.62;81.42;0.245
18;6;9;74.724;100.128;0.339976;1;339.79;339.19;64.69;370.98;280.34;98.17;0.449
19;6;14;69.969;66.593;-0.048250;1;339.79;339.19;64.69;387.30;369.72;105.85;0.589
20;6;17;71.740;72.945;0.016792;1;339.79;339.19;64.69;317.29;392.08;108.85;0.609
21;6;23;68.792;97.666;0.419730;1;339.79;339.19;64.69;329.26;327.59;131.53;0.974
22;7;9;79.107;68.167;-0.138296;1;293.85;291.62;81.42;370.98;280.34;98.17;0.210
23;7;12;78.437;101.993;0.300323;1;293.85;291.62;81.42;238.11;240.95;102.13;0.265
24;7;13;77.968;124.780;0.600400;1;293.85;291.62;81.42;256.66;355.17;104.94;0.304
25;7;16;70.729;68.850;-0.026569;0;293.85;291.62;81.42;312.54;228.23;106.60;0.356
26;7;23;70.656;70.218;-0.006201;1;293.85;291.62;81.42;329.26;327.59;131.53;0.705
27;7;28;73.499;83.463;0.135558;1;293.85;291.62;81.42;279.04;285.61;152.99;0.976
28;8;11;70.873;55.302;-0.219698;1;267.50;179.97;82.94;296.50;116.94;96.49;0.192
29;8;12;70.253;82.343;0.172100;1;267.50;179.97;82.94;238.11;240.95;102.13;0.273
30;8;16;69.604;78.169;0.123043;1;267.50;179.97;82.94;312.54;228.23;106.60;0.337
31;8;25;77.511;82.193;0.060407;1;267.50;179.97;82.94;219.31;154.16;137.54;0.707
32;9;16;78.322;72.147;-0.078834;1;370.98;280.34;98.17;312.54;228.23;106.60;0.107
33;9;18;77.253;68.222;-0.116895;1;370.98;280.34;98.17;387.91;205.21;104.62;0.084
34;9;21;73.887;93.375;0.263749;1;370.98;280.34;98.17;434.24;258.86;129.04;0.419
35;9;23;71.186;5.840;-0.917956;0;370.98;280.34;98.17;329.26;327.59;131.53;0.468
36;9;32;71.928;70.538;-0.019331;1;370.98;280.34;98.17;343.38;260.63;162.33;0.884
37;10;20;68.701;68.749;0.000709;1;159.77;272.88;103.70;176.58;210.26;127.02;0.338
38;10;27;67.588;72.090;0.066606;1;159.77;272.88;103.70;210.43;298.70;140.45;0.543
39;10;33;69.903;74.641;0.067781;1;159.77;272.88;103.70;161.15;259.90;173.19;0.983
40;11;24;71.997;63.264;-0.121299;1;296.50;116.94;96.49;337.44;166.49;130.41;0.467
41;11;38;71.415;75.143;0.052208;1;296.50;116.94;96.49;299.44;117.44;167.31;0.999
42;12;16;76.679;87.336;0.138988;1;238.11;240.95;102.13;312.54;228.23;106.60;0.059
43;12;20;72.844;93.048;0.277349;1;238.11;240.95;102.13;176.58;210.26;127.02;0.340
44;12;27;73.977;88.004;0.189613;0;238.11;240.95;102.13;210.43;298.70;140.45;0.513
45;12;28;79.432;89.475;0.126425;1;238.11;240.95;102.13;279.04;285.61;152.99;0.643
46;12;35;70.782;74.778;0.056456;1;238.11;240.95;102.13;230.72;238.82;171.93;0.994
47;13;17;70.244;75.487;0.074650;1;256.66;355.17;104.94;317.29;392.08;108.85;0.055
48;13;19;77.309;71.288;-0.077877;1;256.66;355.17;104.94;182.10;362.45;123.92;0.246
49;13;22;73.198;132.522;0.810466;1;256.66;355.17;104.94;232.89;419.69;130.48;0.348
50;13;36;71.335;120.568;0.690155;1;256.66;355.17;104.94;245.91;345.84;174.43;0.980
51;14;17;72.759;69.916;-0.039068;1;387.30;369.72;105.85;317.29;392.08;108.85;0.041
52;14;23;76.617;71.546;-0.066185;1;387.30;369.72;105.85;329.26;327.59;131.53;0.337
53;14;26;71.527;70.804;-0.010105;1;387.30;369.72;105.85;415.06;428.12;138.80;0.454
54;14;29;76.029;74.436;-0.020947;0;387.30;369.72;105.85;415.88;326.03;160.74;0.725
55;14;37;70.869;70.140;-0.010291;1;387.30;369.72;105.85;375.66;384.01;175.23;0.966
56;15;17;69.944;81.855;0.170289;1;358.30;448.70;103.67;317.29;392.08;108.85;0.074
57;15;26;69.940;56.379;-0.193899;1;358.30;448.70;103.67;415.06;428.12;138.80;0.503
58;15;31;70.327;91.857;0.306148;1;358.30;448.70;103.67;319.82;449.92;162.09;0.835
59;16;18;77.844;99.075;0.272735;1;312.54;228.23;106.60;387.91;205.21;104.62;-0.025
60;16;24;70.662;87.827;0.242932;1;312.54;228.23;106.60;337.44;166.49;130.41;0.337
61;16;28;81.701;29.100;-0.643820;1;312.54;228.23;106.60;279.04;285.61;152.99;0.572
62;16;30;79.107;74.045;-0.063990;1;312.54;228.23;106.60;277.22;186.24;163.23;0.718
63;16;32;71.537;3.730;-0.947854;1;312.54;228.23;106.60;343.38;260.63;162.33;0.780
64;17;23;69.297;93.562;0.350158;1;317.29;392.08;108.85;329.26;327.59;131.53;0.327
65;17;31;78.883;110.993;0.407065;1;317.29;392.08;108.85;319.82;449.92;162.09;0.677
66;17;39;67.212;68.023;0.012073;1;317.29;392.08;108.85;305.92;379.07;174.08;0.967
67;18;21;75.234;48.842;-0.350799;1;387.91;205.21;104.62;434.24;258.86;129.04;0.326
68;18;24;69.558;100.847;0.449826;1;387.91;205.21;104.62;337.44;166.49;130.41;0.376
69;18;34;69.494;72.475;0.042891;1;387.91;205.21;104.62;393.59;217.40;172.65;0.981
70;19;22;77.090;127.164;0.649558;1;182.10;362.45;123.92;232.89;419.69;130.48;0.085
71;19;27;72.140;0.765;-0.989391;1;182.10;362.45;123.92;210.43;298.70;140.45;0.231
72;19;46;71.342;74.421;0.043161;1;182.10;362.45;123.92;197.29;393.82;186.60;0.874
73;19;47;74.660;86.474;0.158237;1;182.10;362.45;123.92;163.97;332.07;189.98;0.882
74;20;25;70.969;69.428;-0.021715;1;176.58;210.26;127.02;219.31;154.16;137.54;0.148
75;20;33;69.031;81.029;0.173806;1;176.58;210.26;127.02;161.15;259.90;173.19;0.664
76;20;35;75.041;73.579;-0.019479;1;176.58;210.26;127.02;230.72;238.82;171.93;0.592
77;20;45;70.501;67.352;-0.044664;1;176.58;210.26;127.02;183.05;190.98;195.87;0.959
78;21;29;77.469;95.147;0.228185;0;434.24;258.86;129.04;415.88;326.03;160.74;0.414
79;21;34;72.542;109.599;0.510830;1;434.24;258.86;129.04;393.59;217.40;172.65;0.601
80;21;41;71.531;99.763;0.394672;1;434.24;258.86;129.04;492.28;253.14;171.47;0.588
81;21;51;70.345;106.343;0.511735;1;434.24;258.86;129.04;429.78;268.19;198.39;0.989
82;22;46;70.841;95.418;0.346922;1;232.89;419.69;130.48;197.29;393.82;186.60;0.787
83;22;49;71.134;1.561;-0.978055;1;232.89;419.69;130.48;257.27;436.14;195.28;0.911
84;23;28;68.115;66.059;-0.030172;1;329.26;327.59;131.53;279.04;285.61;152.99;0.311
85;23;32;74.789;70.361;-0.059210;1;329.26;327.59;131.53;343.38;260.63;162.33;0.410
86;23;39;71.101;108.785;0.530005;1;329.26;327.59;131.53;305.92;379.07;174.08;0.601
87;23;50;69.713;69.897;0.002637;1;329.26;327.59;131.53;354.70;322.38;195.79;0.927
88;24;30;70.622;74.679;0.057460;1;337.44;166.49;130.41;277.22;186.24;163.23;0.460
89;24;38;70.715;83.868;0.185996;0;337.44;166.49;130.41;299.44;117.44;167.31;0.511
90;24;40;70.357;67.850;-0.035631;1;337.44;166.49;130.41;370.61;118.50;171.49;0.576
91;24;48;69.235;66.855;-0.034380;0;337.44;166.49;130.41;340.78;179.04;198.82;0.982
92;25;30;70.262;67.546;-0.038651;1;219.31;154.16;137.54;277.22;186.24;163.23;0.362
93;25;45;77.423;73.542;-0.050134;1;219.31;154.16;137.54;183.05;190.98;195.87;0.748
94;25;52;69.659;99.560;0.429257;1;219.31;154.16;137.54;242.90;137.02;200.97;0.909
95;26;37;69.304;68.694;-0.008799;1;415.06;428.12;138.80;375.66;384.01;175.23;0.524
96;26;44;70.371;71.728;0.019285;1;415.06;428.12;138.80;451.14;383.99;181.40;0.599
97;27;28;70.205;116.972;0.666154;1;210.43;298.70;140.45;279.04;285.61;152.99;0.177
98;27;33;70.121;84.850;0.210045;1;210.43;298.70;140.45;161.15;259.90;173.19;0.463
99;27;35;70.082;98.033;0.398841;1;210.43;298.70;140.45;230.72;238.82;171.93;0.446
100;27;36;68.109;71.958;0.056520;1;210.43;298.70;140.45;245.91;345.84;174.43;0.499
101;27;47;75.324;86.148;0.143705;1;210.43;298.70;140.45;163.97;332.07;189.98;0.655
102;28;32;70.198;28.424;-0.595086;1;279.04;285.61;152.99;343.38;260.63;162.33;0.134
103;28;35;70.753;82.378;0.164295;1;279.04;285.61;152.99;230.72;238.82;171.93;0.271
104;28;36;72.056;95.048;0.319083;0;279.04;285.61;152.99;245.91;345.84;174.43;0.298
105;28;54;69.630;47.188;-0.322310;1;279.04;285.61;152.99;292.37;304.82;218.47;0.942
106;29;37;71.475;109.303;0.529245;1;415.88;326.03;160.74;375.66;384.01;175.23;0.201
107;29;42;72.666;82.421;0.134239;1;415.88;326.03;160.74;487.87;321.66;175.24;0.197
108;29;44;70.188;73.668;0.049584;1;415.88;326.03;160.74;451.14;383.99;181.40;0.291
109;29;50;70.913;112.883;0.591840;1;415.88;326.03;160.74;354.70;322.38;195.79;0.496
110;29;51;70.095;76.524;0.091728;1;415.88;326.03;160.74;429.78;268.19;198.39;0.535
111;29;59;71.841;6.224;-0.913363;1;415.88;326.03;160.74;442.26;328.50;227.42;0.929
112;30;35;70.680;73.150;0.034940;1;277.22;186.24;163.23;230.72;238.82;171.93;0.123
113;30;38;72.307;106.987;0.479634;1;277.22;186.24;163.23;299.44;117.44;167.31;0.056
114;30;48;72.734;101.787;0.399432;1;277.22;186.24;163.23;340.78;179.04;198.82;0.486
115;30;52;70.798;67.469;-0.047023;1;277.22;186.24;163.23;242.90;137.02;200.97;0.532
116;30;53;73.177;106.421;0.454286;1;277.22;186.24;163.23;299.43;235.47;212.43;0.673
117;31;39;71.737;69.201;-0.035355;1;319.82;449.92;162.09;305.92;379.07;174.08;0.164
118;31;49;71.278;75.107;0.053718;0;319.82;449.92;162.09;257.27;436.14;195.28;0.460
119;31;58;71.641;71.533;-0.001506;1;319.82;449.92;162.09;320.77;417.61;226.50;0.894
120;32;34;67.050;70.818;0.056201;1;343.38;260.63;162.33;393.59;217.40;172.65;0.154
121;32;50;70.895;68.185;-0.038220;1;343.38;260.63;162.33;354.70;322.38;195.79;0.470
122;32;53;72.479;67.194;-0.072921;1;343.38;260.63;162.33;299.43;235.47;212.43;0.703
123;32;61;76.215;99.230;0.301985;1;343.38;260.63;162.33;365.68;267.27;234.40;0.952
124;33;35;71.814;70.185;-0.022680;1;161.15;259.90;173.19;230.72;238.82;171.93;-0.017
125;33;45;75.510;125.610;0.663485;1;161.15;259.90;173.19;183.05;190.98;195.87;0.299
126;33;47;73.951;61.121;-0.173498;1;161.15;259.90;173.19;163.97;332.07;189.98;0.226
127;33;55;80.543;70.286;-0.127353;1;161.15;259.90;173.19;219.68;292.95;218.68;0.560
128;33;64;70.512;50.734;-0.280494;1;161.15;259.90;173.19;155.37;264.68;242.74;0.994
129;34;43;73.927;143.945;0.947117;1;393.59;217.40;172.65;437.63;152.03;180.78;0.103
130;34;48;70.373;75.530;0.073270;1;393.59;217.40;172.65;340.78;179.04;198.82;0.372
131;34;51;68.478;76.828;0.121939;1;393.59;217.40;172.65;429.78;268.19;198.39;0.382
132;34;68;73.156;104.169;0.423932;1;393.59;217.40;172.65;404.80;207.63;244.58;0.979
133;35;45;70.263;97.008;0.380639;1;230.72;238.82;171.93;183.05;190.98;195.87;0.334
134;35;55;71.771;72.026;0.003562;0;230.72;238.82;171.93;219.68;292.95;218.68;0.646
135;35;63;68.580;71.079;0.036441;1;230.72;238.82;171.93;239.75;208.12;232.12;0.883
136;36;39;68.889;141.073;1.047852;1;245.91;345.84;174.43;305.92;379.07;174.08;-0.005
137;36;46;69.010;99.614;0.443478;0;245.91;345.84;174.43;197.29;393.82;186.60;0.176
138;36;54;75.437;92.513;0.226365;1;245.91;345.84;174.43;292.37;304.82;218.47;0.579
139;36;55;74.206;0.599;-0.991931;1;245.91;345.84;174.43;219.68;292.95;218.68;0.600
140;36;66;74.397;68.647;-0.077296;1;245.91;345.84;174.43;267.23;366.51;243.18;0.918
141;37;39;68.946;1.866;-0.972936;1;375.66;384.01;175.23;305.92;379.07;174.08;-0.016
142;37;44;76.399;97.281;0.273330;1;375.66;384.01;175.23;451.14;383.99;181.40;0.081
143;37;50;68.502;93.956;0.371581;1;375.66;384.01;175.23;354.70;322.38;195.79;0.301
144;37;57;75.607;68.283;-0.096878;1;375.66;384.01;175.23;389.74;437.95;226.18;0.675
145;37;58;81.946;66.750;-0.185437;1;375.66;384.01;175.23;320.77;417.61;226.50;0.623
146;38;40;71.282;30.359;-0.574105;1;299.44;117.44;167.31;370.61;118.50;171.49;0.059
147;38;48;80.553;30.231;-0.624708;0;299.44;117.44;167.31;340.78;179.04;198.82;0.391
148;38;52;69.087;86.607;0.253604;1;299.44;117.44;167.31;242.90;137.02;200.97;0.490
149;38;60;71.115;74.029;0.040977;1;299.44;117.44;167.31;331.87;113.18;230.70;0.889
150;39;49;77.364;82.714;0.069147;1;305.92;379.07;174.08;257.27;436.14;195.28;0.272
151;39;50;78.642;93.510;0.189051;1;305.92;379.07;174.08;354.70;322.38;195.79;0.279
152;39;58;66.175;67.935;0.026593;1;305.92;379.07;174.08;320.77;417.61;226.50;0.785
153;40;43;73.285;127.493;0.739695;1;370.61;118.50;171.49;437.63;152.03;180.78;0.123
154;40;48;72.486;1.887;-0.973963;1;370.61;118.50;171.49;340.78;179.04;198.82;0.375
155;40;60;70.482;87.362;0.239490;1;370.61;118.50;171.49;331.87;113.18;230.70;0.834
156;41;42;68.501;68.047;-0.006635;1;492.28;253.14;171.47;487.87;321.66;175.24;0.055
157;41;51;68.585;140.429;1.047515;1;492.28;253.14;171.47;429.78;268.19;198.39;0.386
158;41;56;68.503;238.889;2.487268;1;492.28;253.14;171.47;479.07;203.93;212.83;0.630
159;41;62;68.489;79.216;0.156621;1;492.28;253.14;171.47;490.23;279.20;236.04;0.927
160;42;44;71.980;110.988;0.541921;1;487.87;321.66;175.24;451.14;383.99;181.40;0.085
161;42;59;70.066;82.067;0.171294;1;487.87;321.66;175.24;442.26;328.50;227.42;0.749
162;42;62;74.226;73.468;-0.010212;1;487.87;321.66;175.24;490.23;279.20;236.04;0.819
163;43;56;76.517;202.829;1.650786;1;437.63;152.03;180.78;479.07;203.93;212.83;0.435
164;43;67;74.640;77.353;0.036347;1;437.63;152.03;180.78;398.02;136.28;246.65;0.840
165;43;68;86.313;127.643;0.478841;1;437.63;152.03;180.78;404.80;207.63;244.58;0.703
166;44;59;73.183;70.471;-0.037062;1;451.14;383.99;181.40;442.26;328.50;227.42;0.634
167;44;65;70.183;5.058;-0.927936;1;451.14;383.99;181.40;444.59;396.45;250.01;0.980
168;45;52;80.211;66.035;-0.176730;1;183.05;190.98;195.87;242.90;137.02;200.97;0.063
169;45;63;69.781;100.111;0.434634;1;183.05;190.98;195.87;239.75;208.12;232.12;0.522
170;46;47;69.934;80.549;0.151776;1;197.29;393.82;186.60;163.97;332.07;189.98;0.048
171;46;49;74.124;94.760;0.278397;1;197.29;393.82;186.60;257.27;436.14;195.28;0.117
172;46;70;72.475;81.674;0.126934;1;197.29;393.82;186.60;219.72;416.68;251.52;0.897
173;47;55;73.613;90.549;0.230074;1;163.97;332.07;189.98;219.68;292.95;218.68;0.388
174;47;72;73.287;102.659;0.400773;1;163.97;332.07;189.98;171.95;363.41;255.53;0.897
175;48;53;71.437;112.994;0.581739;0;340.78;179.04;198.82;299.43;235.47;212.43;0.191
176;48;60;73.055;87.600;0.199088;1;340.78;179.04;198.82;331.87;113.18;230.70;0.433
177;48;68;83.844;154.712;0.845229;1;340.78;179.04;198.82;404.80;207.63;244.58;0.547
178;48;75;71.340;117.744;0.650455;1;340.78;179.04;198.82;336.55;207.06;264.20;0.918
179;49;58;72.952;73.886;0.012804;1;257.27;436.14;195.28;320.77;417.61;226.50;0.427
180;49;70;70.666;83.585;0.182832;1;257.27;436.14;195.28;219.72;416.68;251.52;0.799
181;50;54;69.344;4.292;-0.938105;1;354.70;322.38;195.79;292.37;304.82;218.47;0.330
182;50;61;68.487;73.698;0.076093;1;354.70;322.38;195.79;365.68;267.27;234.40;0.566
183;50;69;70.094;120.430;0.718106;1;354.70;322.38;195.79;384.66;355.13;249.87;0.773
184;51;56;78.810;235.603;1.989492;1;429.78;268.19;198.39;479.07;203.93;212.83;0.176
185;51;59;67.616;76.163;0.126407;1;429.78;268.19;198.39;442.26;328.50;227.42;0.426
186;51;61;72.929;7.780;-0.893327;0;429.78;268.19;198.39;365.68;267.27;234.40;0.490
187;51;62;71.493;141.557;0.980005;1;429.78;268.19;198.39;490.23;279.20;236.04;0.522
188;51;73;70.067;73.211;0.044881;1;429.78;268.19;198.39;427.95;271.00;267.79;0.999
189;52;63;76.709;69.292;-0.096687;1;242.90;137.02;200.97;239.75;208.12;232.12;0.401
190;52;71;72.046;69.378;-0.037040;1;242.90;137.02;200.97;284.16;156.81;257.16;0.775
191;52;74;69.949;67.889;-0.029443;1;242.90;137.02;200.97;213.83;151.18;262.68;0.886
192;53;54;69.987;72.105;0.030264;1;299.43;235.47;212.43;292.37;304.82;218.47;0.086
193;53;61;77.560;80.466;0.037459;1;299.43;235.47;212.43;365.68;267.27;234.40;0.286
194;53;63;67.943;72.119;0.061455;1;299.43;235.47;212.43;239.75;208.12;232.12;0.287
195;53;75;70.028;70.937;0.012985;1;299.43;235.47;212.43;336.55;207.06;264.20;0.742
196;53;76;69.802;69.924;0.001751;1;299.43;235.47;212.43;263.76;263.01;266.03;0.765
197;54;55;72.681;92.468;0.272248;1;292.37;304.82;218.47;219.68;292.95;218.68;0.003
198;54;66;70.292;90.459;0.286898;1;292.37;304.82;218.47;267.23;366.51;243.18;0.348
199;54;76;69.260;98.074;0.416033;1;292.37;304.82;218.47;263.76;263.01;266.03;0.684
200;54;77;67.942;70.329;0.035145;1;292.37;304.82;218.47;300.27;320.98;283.93;0.964
201;55;64;73.739;94.086;0.275923;1;219.68;292.95;218.68;155.37;264.68;242.74;0.324
202;55;76;71.201;113.290;0.591129;1;219.68;292.95;218.68;263.76;263.01;266.03;0.664
203;55;78;76.642;56.480;-0.263074;1;219.68;292.95;218.68;220.37;323.43;288.56;0.917
204;56;62;74.696;205.221;1.747413;1;479.07;203.93;212.83;490.23;279.20;236.04;0.292
205;56;68;74.248;175.741;1.366935;1;479.07;203.93;212.83;404.80;207.63;244.58;0.393
206;56;79;74.293;174.080;1.343167;1;479.07;203.93;212.83;472.30;216.41;294.23;0.985
207;57;58;71.537;64.519;-0.098114;1;389.74;437.95;226.18;320.77;417.61;226.50;0.005
208;57;65;72.682;64.724;-0.109488;1;389.74;437.95;226.18;444.59;396.45;250.01;0.327
209;57;85;76.143;65.654;-0.137750;1;389.74;437.95;226.18;364.77;443.57;297.74;0.942
210;58;66;75.617;112.407;0.486534;0;320.77;417.61;226.50;267.23;366.51;243.18;0.220
211;58;80;77.853;35.118;-0.548927;1;320.77;417.61;226.50;282.22;445.61;287.30;0.787
212;58;81;71.547;2.385;-0.966671;0;320.77;417.61;226.50;333.74;381.29;287.44;0.845
213;59;62;69.252;121.197;0.750079;1;442.26;328.50;227.42;490.23;279.20;236.04;0.124
214;59;65;70.739;71.857;0.015813;1;442.26;328.50;227.42;444.59;396.45;250.01;0.315
215;59;69;66.952;96.187;0.436651;1;442.26;328.50;227.42;384.66;355.13;249.87;0.334
216;59;73;71.507;118.969;0.663736;1;442.26;328.50;227.42;427.95;271.00;267.79;0.563
217;59;83;68.514;110.820;0.617482;1;442.26;328.50;227.42;435.27;342.47;294.58;0.974
218;60;67;72.197;82.643;0.144685;0;331.87;113.18;230.70;398.02;136.28;246.65;0.222
219;60;71;70.268;67.388;-0.040991;1;331.87;113.18;230.70;284.16;156.81;257.16;0.379
220;61;68;70.065;80.314;0.146287;1;365.68;267.27;234.40;404.80;207.63;244.58;0.141
221;61;73;70.654;79.258;0.121767;1;365.68;267.27;234.40;427.95;271.00;267.79;0.472
222;61;75;72.391;71.903;-0.006737;1;365.68;267.27;234.40;336.55;207.06;264.20;0.407
223;61;84;70.693;86.126;0.218309;1;365.68;267.27;234.40;369.67;303.42;294.36;0.855
224;62;73;70.393;107.936;0.533339;1;490.23;279.20;236.04;427.95;271.00;267.79;0.451
225;62;86;71.693;86.833;0.211184;1;490.23;279.20;236.04;485.27;294.25;305.39;0.975
226;63;71;70.599;87.589;0.240657;0;239.75;208.12;232.12;284.16;156.81;257.16;0.346
227;63;74;69.035;75.768;0.097524;1;239.75;208.12;232.12;213.83;151.18;262.68;0.439
228;63;76;69.169;70.393;0.017706;1;239.75;208.12;232.12;263.76;263.01;266.03;0.493
229;63;82;77.995;70.513;-0.095938;0;239.75;208.12;232.12;200.06;241.66;290.04;0.744
230;63;87;71.487;73.456;0.027536;1;239.75;208.12;232.12;252.95;202.66;302.88;0.980
231;64;82;68.652;78.030;0.136599;0;155.37;264.68;242.74;200.06;241.66;290.04;0.685
232;64;88;72.328;116.528;0.611117;1;155.37;264.68;242.74;153.54;295.23;308.68;0.907
233;65;69;72.331;64.013;-0.114995;1;444.59;396.45;250.01;384.66;355.13;249.87;-0.002
234;65;83;70.769;132.614;0.873914;1;444.59;396.45;250.01;435.27;342.47;294.58;0.631
235;65;92;71.680;103.312;0.441306;1;444.59;396.45;250.01;426.57;410.21;317.70;0.948
236;66;70;69.428;106.708;0.536959;1;267.23;366.51;243.18;219.72;416.68;251.52;0.120
237;66;77;69.727;86.004;0.233453;1;267.23;366.51;243.18;300.27;320.98;283.93;0.587
238;66;78;78.307;23.389;-0.701321;1;267.23;366.51;243.18;220.37;323.43;288.56;0.581
239;66;95;76.371;70.076;-0.082429;1;267.23;366.51;243.18;262.81;371.51;318.96;0.996
240;67;68;71.603;104.059;0.453292;1;398.02;136.28;246.65;404.80;207.63;244.58;-0.029
241;67;89;72.239;69.095;-0.043518;1;398.02;136.28;246.65;430.35;160.43;307.19;0.832
242;68;73;71.416;1.877;-0.973721;0;404.80;207.63;244.58;427.95;271.00;267.79;0.325
243;68;75;70.364;71.973;0.022861;1;404.80;207.63;244.58;336.55;207.06;264.20;0.276
244;68;91;72.774;71.612;-0.015976;1;404.80;207.63;244.58;385.48;231.89;310.64;0.905
245;69;81;68.094;67.754;-0.004989;1;384.66;355.13;249.87;333.74;381.29;287.44;0.549
246;69;83;68.724;107.550;0.564946;1;384.66;355.13;249.87;435.27;342.47;294.58;0.651
247;69;84;69.404;106.802;0.538839;1;384.66;355.13;249.87;369.67;303.42;294.36;0.637
248;70;72;70.246;72.061;0.025837;0;219.72;416.68;251.52;171.95;363.41;255.53;0.056
249;70;80;78.804;128.504;0.630673;1;219.72;416.68;251.52;282.22;445.61;287.30;0.461
250;70;93;71.704;73.209;0.020991;1;219.72;416.68;251.52;195.74;394.56;315.92;0.892
251;71;74;70.518;108.706;0.541529;1;284.16;156.81;257.16;213.83;151.18;262.68;0.078
252;71;75;73.188;78.219;0.068737;1;284.16;156.81;257.16;336.55;207.06;264.20;0.097
253;71;87;71.118;85.586;0.203431;1;284.16;156.81;257.16;252.95;202.66;302.88;0.636
254;71;90;78.691;67.502;-0.142188;1;284.16;156.81;257.16;321.67;114.95;311.86;0.697
255;71;96;80.721;105.756;0.310146;1;284.16;156.81;257.16;246.80;129.62;323.31;0.820
256;72;78;70.771;55.137;-0.220909;1;171.95;363.41;255.53;220.37;323.43;288.56;0.466
257;72;93;72.215;64.226;-0.110629;0;171.95;363.41;255.53;195.74;394.56;315.92;0.839
258;73;79;74.760;2.613;-0.965050;1;427.95;271.00;267.79;472.30;216.41;294.23;0.352
259;73;83;75.739;101.479;0.339849;1;427.95;271.00;267.79;435.27;342.47;294.58;0.349
260;73;84;71.719;102.659;0.431410;1;427.95;271.00;267.79;369.67;303.42;294.36;0.370
261;73;86;71.286;70.056;-0.017261;1;427.95;271.00;267.79;485.27;294.25;305.39;0.519
262;73;91;71.649;70.437;-0.016919;1;427.95;271.00;267.79;385.48;231.89;310.64;0.596
263;73;99;72.551;90.692;0.250032;1;427.95;271.00;267.79;420.94;286.39;339.09;0.973
264;74;87;75.249;67.600;-0.101650;1;213.83;151.18;262.68;252.95;202.66;302.88;0.528
265;74;94;67.695;69.442;0.025798;1;213.83;151.18;262.68;185.46;180.41;317.14;0.801
266;74;96;71.671;78.207;0.091189;1;213.83;151.18;262.68;246.80;129.62;323.31;0.839
267;75;91;71.472;1.499;-0.979021;1;336.55;207.06;264.20;385.48;231.89;310.64;0.646
268;75;97;69.078;70.762;0.024373;1;336.55;207.06;264.20;315.94;221.36;328.64;0.932
269;76;77;71.734;68.759;-0.041466;1;263.76;263.01;266.03;300.27;320.98;283.93;0.253
270;76;78;76.998;79.669;0.034691;1;263.76;263.01;266.03;220.37;323.43;288.56;0.290
271;76;82;71.329;101.355;0.420959;1;263.76;263.01;266.03;200.06;241.66;290.04;0.336
272;76;87;71.692;95.570;0.333070;1;263.76;263.01;266.03;252.95;202.66;302.88;0.515
273;76;98;70.078;7.016;-0.899876;1;263.76;263.01;266.03;252.62;278.73;333.44;0.962
274;77;81;68.827;114.576;0.664704;1;300.27;320.98;283.93;333.74;381.29;287.44;0.051
275;77;84;72.136;70.792;-0.018627;1;300.27;320.98;283.93;369.67;303.42;294.36;0.144
276;77;95;71.364;127.441;0.785772;0;300.27;320.98;283.93;262.81;371.51;318.96;0.487
277;77;98;81.308;72.656;-0.106414;1;300.27;320.98;283.93;252.62;278.73;333.44;0.614
278;77;101;69.707;71.181;0.021148;1;300.27;320.98;283.93;320.39;287.64;341.30;0.827
279;78;88;75.326;86.874;0.153310;1;220.37;323.43;288.56;153.54;295.23;308.68;0.267
280;78;93;79.897;106.739;0.335954;1;220.37;323.43;288.56;195.74;394.56;315.92;0.342
281;78;95;71.305;76.341;0.070620;1;220.37;323.43;288.56;262.81;371.51;318.96;0.428
282;78;98;70.924;79.659;0.123160;1;220.37;323.43;288.56;252.62;278.73;333.44;0.631
283;79;86;79.694;69.933;-0.122473;1;472.30;216.41;294.23;485.27;294.25;305.39;0.140
284;79;89;70.762;71.968;0.017055;0;472.30;216.41;294.23;430.35;160.43;307.19;0.182
285;79;107;69.354;83.452;0.203284;1;472.30;216.41;294.23;475.72;242.28;358.48;0.927
286;80;104;69.665;151.667;1.177100;1;282.22;445.61;287.30;246.10;436.25;346.51;0.846
287;80;106;71.243;78.423;0.100785;1;282.22;445.61;287.30;315.57;449.94;350.45;0.883
288;81;85;69.481;100.905;0.452278;1;333.74;381.29;287.44;364.77;443.57;297.74;0.146
289;81;95;77.944;87.814;0.126642;1;333.74;381.29;287.44;262.81;371.51;318.96;0.403
290;81;105;68.887;135.453;0.966305;1;333.74;381.29;287.44;324.73;377.40;355.36;0.990
291;82;87;67.159;73.488;0.094245;1;200.06;241.66;290.04;252.95;202.66;302.88;0.192
292;82;88;72.862;78.534;0.077849;0;200.06;241.66;290.04;153.54;295.23;308.68;0.254
293;82;94;67.926;39.525;-0.418119;1;200.06;241.66;290.04;185.46;180.41;317.14;0.395
294;82;98;78.504;98.571;0.255615;1;200.06;241.66;290.04;252.62;278.73;333.44;0.559
295;82;103;73.038;51.348;-0.296974;0;200.06;241.66;290.04;154.73;232.86;347.09;0.777
296;83;84;75.623;1.594;-0.978915;1;435.27;342.47;294.58;369.67;303.42;294.36;-0.003
297;83;86;69.948;69.961;0.000187;1;435.27;342.47;294.58;485.27;294.25;305.39;0.154
298;83;92;72.040;140.995;0.957186;1;435.27;342.47;294.58;426.57;410.21;317.70;0.321
299;83;99;72.192;49.708;-0.311441;1;435.27;342.47;294.58;420.94;286.39;339.09;0.610
300;83;102;67.765;48.073;-0.290597;1;435.27;342.47;294.58;390.72;352.57;345.07;0.742
301;84;91;74.806;106.227;0.420029;1;369.67;303.42;294.36;385.48;231.89;310.64;0.217
302;84;99;70.326;50.826;-0.277271;1;369.67;303.42;294.36;420.94;286.39;339.09;0.638
303;84;101;70.037;83.307;0.189464;1;369.67;303.42;294.36;320.39;287.64;341.30;0.672
304;84;102;73.111;47.276;-0.353365;1;369.67;303.42;294.36;390.72;352.57;345.07;0.688
305;85;92;73.120;12.178;-0.833446;0;364.77;443.57;297.74;426.57;410.21;317.70;0.273
306;85;106;72.346;86.165;0.191012;1;364.77;443.57;297.74;315.57;449.94;350.45;0.728
307;86;99;71.831;36.019;-0.498558;1;485.27;294.25;305.39;420.94;286.39;339.09;0.461
308;86;107;74.439;46.101;-0.380687;1;485.27;294.25;305.39;475.72;242.28;358.48;0.709
309;86;112;71.955;69.229;-0.037889;1;485.27;294.25;305.39;480.39;314.20;375.11;0.959
310;87;94;72.399;92.744;0.281003;0;252.95;202.66;302.88;185.46;180.41;317.14;0.197
311;87;96;75.244;56.555;-0.248377;1;252.95;202.66;302.88;246.80;129.62;323.31;0.268
312;87;97;71.001;71.304;0.004268;1;252.95;202.66;302.88;315.94;221.36;328.64;0.365
313;87;109;73.111;72.455;-0.008980;1;252.95;202.66;302.88;241.05;218.88;373.20;0.961
314;88;103;72.991;94.603;0.296093;1;153.54;295.23;308.68;154.73;232.86;347.09;0.524
315;88;110;74.712;0.541;-0.992752;1;153.54;295.23;308.68;197.77;305.28;367.82;0.793
316;89;100;75.739;70.352;-0.071123;1;430.35;160.43;307.19;362.33;169.33;339.09;0.422
317;89;111;71.933;74.516;0.035907;1;430.35;160.43;307.19;417.59;154.85;377.27;0.981
318;90;96;77.003;87.474;0.135985;1;321.67;114.95;311.86;246.80;129.62;323.31;0.148
319;90;100;71.882;85.218;0.185528;1;321.67;114.95;311.86;362.33;169.33;339.09;0.372
320;90;108;73.349;130.423;0.778113;1;321.67;114.95;311.86;295.73;163.08;361.96;0.675
321;90;118;75.639;112.993;0.493854;1;321.67;114.95;311.86;342.98;114.31;384.60;0.960
322;91;97;72.363;70.220;-0.029608;1;385.48;231.89;310.64;315.94;221.36;328.64;0.248
323;91;99;71.270;106.882;0.499683;1;385.48;231.89;310.64;420.94;286.39;339.09;0.401
324;91;100;73.448;99.630;0.356477;1;385.48;231.89;310.64;362.33;169.33;339.09;0.392
325;91;113;73.056;107.845;0.476190;1;385.48;231.89;310.64;394.92;227.49;382.70;0.990
326;92;102;72.436;150.231;1.073965;1;426.57;410.21;317.70;390.72;352.57;345.07;0.374
327;92;116;71.481;104.956;0.468313;0;426.57;410.21;317.70;451.64;378.21;378.20;0.830
328;92;119;70.992;106.302;0.497376;1;426.57;410.21;317.70;400.18;426.03;381.53;0.901
329;93;95;70.903;60.736;-0.143398;1;195.74;394.56;315.92;262.81;371.51;318.96;0.043
330;93;104;71.898;79.385;0.104138;1;195.74;394.56;315.92;246.10;436.25;346.51;0.424
331;93;115;70.638;79.674;0.127922;1;195.74;394.56;315.92;168.35;369.42;376.14;0.851
332;94;96;79.824;114.744;0.437462;1;185.46;180.41;317.14;246.80;129.62;323.31;0.077
333;94;103;67.254;24.838;-0.630682;1;185.46;180.41;317.14;154.73;232.86;347.09;0.442
334;94;117;69.565;95.183;0.368257;1;185.46;180.41;317.14;207.79;152.36;377.68;0.860
335;95;104;72.352;95.704;0.322754;1;262.81;371.51;318.96;246.10;436.25;346.51;0.381
336;95;105;71.173;131.422;0.846500;1;262.81;371.51;318.96;324.73;377.40;355.36;0.505
337;95;114;72.357;88.055;0.216950;1;262.81;371.51;318.96;277.07;330.59;376.63;0.799
338;96;108;70.942;97.909;0.380115;1;246.80;129.62;323.31;295.73;163.08;361.96;0.546
339;96;117;70.724;51.134;-0.276991;1;246.80;129.62;323.31;207.79;152.36;377.68;0.769
340;97;100;70.501;67.659;-0.040309;1;315.94;221.36;328.64;362.33;169.33;339.09;0.148
341;97;101;68.343;70.906;0.037512;1;315.94;221.36;328.64;320.39;287.64;341.30;0.187
342;97;108;69.903;70.056;0.002189;1;315.94;221.36;328.64;295.73;163.08;361.96;0.475
343;97;120;69.638;110.846;0.591755;1;315.94;221.36;328.64;317.39;242.69;395.06;0.952
344;98;101;68.642;70.481;0.026795;1;252.62;278.73;333.44;320.39;287.64;341.30;0.114
345;98;109;73.251;64.992;-0.112754;1;252.62;278.73;333.44;241.05;218.88;373.20;0.546
346;98;110;70.115;99.580;0.420235;1;252.62;278.73;333.44;197.77;305.28;367.82;0.491
347;98;114;71.006;65.100;-0.083173;1;252.62;278.73;333.44;277.07;330.59;376.63;0.602
348;99;102;73.432;60.157;-0.180768;1;420.94;286.39;339.09;390.72;352.57;345.07;0.082
349;99;107;72.498;50.535;-0.302939;1;420.94;286.39;339.09;475.72;242.28;358.48;0.266
350;99;112;73.518;60.467;-0.177528;1;420.94;286.39;339.09;480.39;314.20;375.11;0.481
351;99;113;78.039;103.768;0.329696;0;420.94;286.39;339.09;394.92;227.49;382.70;0.561
352;99;124;69.926;39.707;-0.432148;1;420.94;286.39;339.09;423.82;290.43;408.89;0.997
353;100;108;69.989;87.872;0.255514;1;362.33;169.33;339.09;295.73;163.08;361.96;0.324
354;100;111;68.432;53.741;-0.214683;1;362.33;169.33;339.09;417.59;154.85;377.27;0.556
355;100;118;72.515;53.344;-0.264363;1;362.33;169.33;339.09;342.98;114.31;384.60;0.615
356;100;127;75.203;46.958;-0.375583;1;362.33;169.33;339.09;344.64;180.37;411.54;0.961
357;101;114;70.339;99.475;0.414234;1;320.39;287.64;341.30;277.07;330.59;376.63;0.501
358;101;120;70.246;71.286;0.014808;1;320.39;287.64;341.30;317.39;242.69;395.06;0.767
359;101;121;70.376;73.449;0.043665;1;320.39;287.64;341.30;357.99;312.46;394.76;0.765
360;102;105;71.222;88.457;0.241985;1;390.72;352.57;345.07;324.73;377.40;355.36;0.144
361;102;116;73.856;111.963;0.515974;1;390.72;352.57;345.07;451.64;378.21;378.20;0.448
362;102;119;82.722;112.287;0.357409;1;390.72;352.57;345.07;400.18;426.03;381.53;0.442
363;102;121;72.129;32.069;-0.555395;1;390.72;352.57;345.07;357.99;312.46;394.76;0.692
364;103;123;72.538;95.590;0.317794;1;154.73;232.86;347.09;143.01;276.21;404.00;0.785
365;103;125;72.234;77.592;0.074176;1;154.73;232.86;347.09;167.29;200.81;410.93;0.880
366;104;106;70.875;111.521;0.573493;1;246.10;436.25;346.51;315.57;449.94;350.45;0.055
367;104;122;67.796;1.519;-0.977597;1;246.10;436.25;346.51;209.89;417.90;401.40;0.804
368;104;126;75.018;65.543;-0.126310;1;246.10;436.25;346.51;280.12;416.26;410.15;0.850
369;105;106;73.128;71.512;-0.022093;1;324.73;377.40;355.36;315.57;449.94;350.45;-0.067
370;105;114;70.653;114.561;0.621463;0;324.73;377.40;355.36;277.07;330.59;376.63;0.303
371;105;126;80.734;76.177;-0.056448;0;324.73;377.40;355.36;280.12;416.26;410.15;0.679
372;105;131;71.115;0.670;-0.990575;1;324.73;377.40;355.36;356.64;379.84;417.89;0.890
373;106;126;77.378;78.035;0.008488;1;315.57;449.94;350.45;280.12;416.26;410.15;0.774
374;106;129;70.622;111.714;0.581850;1;315.57;449.94;350.45;342.95;449.34;415.02;0.921
375;107;112;74.557;67.980;-0.088208;1;475.72;242.28;358.48;480.39;314.20;375.11;0.225
376;107;128;69.902;83.752;0.198126;0;475.72;242.28;358.48;457.55;203.69;414.35;0.795
377;108;109;79.055;70.556;-0.107510;1;295.73;163.08;361.96;241.05;218.88;373.20;0.142
378;108;118;70.725;70.099;-0.008848;1;295.73;163.08;361.96;342.98;114.31;384.60;0.316
379;108;127;71.233;79.366;0.114180;0;295.73;163.08;361.96;344.64;180.37;411.54;0.691
380;108;133;71.183;1.218;-0.982892;1;295.73;163.08;361.96;278.01;183.60;428.02;0.925
381;109;117;73.927;114.279;0.545838;1;241.05;218.88;373.20;207.79;152.36;377.68;0.060
382;109;130;73.604;71.521;-0.028293;1;241.05;218.88;373.20;244.10;276.88;416.59;0.598
383;109;133;74.922;70.902;-0.053657;1;241.05;218.88;373.20;278.01;183.60;428.02;0.732
384;110;115;70.906;109.253;0.540813;1;197.77;305.28;367.82;168.35;369.42;376.14;0.117
385;110;123;71.583;73.782;0.030719;0;197.77;305.28;367.82;143.01;276.21;404.00;0.504
386;110;130;72.871;68.991;-0.053247;1;197.77;305.28;367.82;244.10;276.88;416.59;0.668
387;110;132;72.979;104.992;0.438661;1;197.77;305.28;367.82;226.64;346.99;421.24;0.725
388;111;113;75.369;15.890;-0.789171;1;417.59;154.85;377.27;394.92;227.49;382.70;0.071
389;111;128;72.901;73.854;0.013068;1;417.59;154.85;377.27;457.55;203.69;414.35;0.507
390;111;134;73.454;71.306;-0.029235;1;417.59;154.85;377.27;389.85;136.03;442.75;0.890
391;112;116;70.217;111.921;0.593921;1;480.39;314.20;375.11;451.64;378.21;378.20;0.044
392;112;124;70.504;38.874;-0.448622;1;480.39;314.20;375.11;423.82;290.43;408.89;0.482
393;113;120;79.243;114.980;0.450984;1;394.92;227.49;382.70;317.39;242.69;395.06;0.155
394;113;124;73.697;104.347;0.415896;1;394.92;227.49;382.70;423.82;290.43;408.89;0.354
395;113;127;74.937;30.670;-0.590717;1;394.92;227.49;382.70;344.64;180.37;411.54;0.386
396;113;128;73.980;60.015;-0.188775;1;394.92;227.49;382.70;457.55;203.69;414.35;0.427
397;113;136;68.267;69.108;0.012320;1;394.92;227.49;382.70;371.30;257.45;438.50;0.826
398;114;130;73.922;70.721;-0.043302;1;277.07;330.59;376.63;244.10;276.88;416.59;0.536
399;114;132;68.977;105.523;0.529838;1;277.07;330.59;376.63;226.64;346.99;421.24;0.644
400;114;137;71.357;70.813;-0.007626;1;277.07;330.59;376.63;302.05;310.80;440.79;0.896
401;115;122;68.556;98.712;0.439872;1;168.35;369.42;376.14;209.89;417.90;401.40;0.368
402;115;132;76.432;75.350;-0.014162;1;168.35;369.42;376.14;226.64;346.99;421.24;0.585
403;115;135;69.950;55.118;-0.212037;1;168.35;369.42;376.14;160.70;363.57;445.53;0.991
404;116;119;70.391;1.975;-0.971946;1;451.64;378.21;378.20;400.18;426.03;381.53;0.047
405;116;138;73.816;79.696;0.079666;1;451.64;378.21;378.20;448.91;376.82;452.14;0.999
406;117;125;71.234;96.403;0.353332;1;207.79;152.36;377.68;167.29;200.81;410.93;0.466
407;118;127;70.377;53.314;-0.242456;1;342.98;114.31;384.60;344.64;180.37;411.54;0.378
408;118;134;77.547;65.551;-0.154685;1;342.98;114.31;384.60;389.85;136.03;442.75;0.748
409;118;140;79.017;65.231;-0.174466;1;342.98;114.31;384.60;294.74;116.39;446.45;0.788
410;119;129;68.954;143.417;1.079887;0;400.18;426.03;381.53;342.95;449.34;415.02;0.477
411;119;131;72.365;99.791;0.379000;1;400.18;426.03;381.53;356.64;379.84;417.89;0.497
412;119;139;67.828;49.208;-0.274526;1;400.18;426.03;381.53;396.96;427.26;449.74;0.999
413;120;127;69.810;120.194;0.721729;1;317.39;242.69;395.06;344.64;180.37;411.54;0.236
414;120;133;78.458;90.779;0.157042;1;317.39;242.69;395.06;278.01;183.60;428.02;0.421
415;120;136;70.287;71.663;0.019573;1;317.39;242.69;395.06;371.30;257.45;438.50;0.614
416;120;145;70.561;69.908;-0.009254;1;317.39;242.69;395.06;309.06;241.67;464.51;0.993
417;121;124;69.515;86.407;0.243006;1;357.99;312.46;394.76;423.82;290.43;408.89;0.199
418;121;131;71.218;71.519;0.004224;1;357.99;312.46;394.76;356.64;379.84;417.89;0.325
419;121;136;71.411;112.072;0.569399;1;357.99;312.46;394.76;371.30;257.45;438.50;0.611
420;121;137;72.221;89.638;0.241168;1;357.99;312.46;394.76;302.05;310.80;440.79;0.635
421;121;143;69.609;89.804;0.290118;1;357.99;312.46;394.76;392.35;331.56;453.26;0.830
422;122;126;70.115;65.951;-0.059383;1;209.89;417.90;401.40;280.12;416.26;410.15;0.124
423;122;132;75.139;112.506;0.497301;1;209.89;417.90;401.40;226.64;346.99;421.24;0.263
424;122;146;70.756;72.634;0.026536;1;209.89;417.90;401.40;234.97;432.70;466.13;0.912
425;123;125;78.654;92.137;0.171431;1;143.01;276.21;404.00;167.29;200.81;410.93;0.087
426;123;144;70.701;114.623;0.621237;1;143.01;276.21;404.00;185.80;297.45;456.93;0.742
427;123;147;70.275;69.623;-0.009276;1;143.01;276.21;404.00;144.96;241.59;465.58;0.871
428;124;136;69.121;92.775;0.342211;1;423.82;290.43;408.89;371.30;257.45;438.50;0.431
429;124;141;71.143;87.260;0.226545;1;423.82;290.43;408.89;476.70;262.64;447.86;0.546
430;124;143;67.795;80.704;0.190411;0;423.82;290.43;408.89;392.35;331.56;453.26;0.651
431;125;142;70.435;67.459;-0.042249;0;167.29;200.81;410.93;220.85;220.57;452.52;0.589
432;125;147;71.066;70.967;-0.001398;1;167.29;200.81;410.93;144.96;241.59;465.58;0.762
433;126;129;70.929;89.481;0.261551;1;280.12;416.26;410.15;342.95;449.34;415.02;0.068
434;126;146;73.076;112.046;0.533285;1;280.12;416.26;410.15;234.97;432.70;466.13;0.759
435;126;148;73.365;70.734;-0.035861;1;280.12;416.26;410.15;274.71;371.06;467.49;0.783
436;126;150;74.769;85.689;0.146039;1;280.12;416.26;410.15;303.32;451.59;472.59;0.828
437;127;133;68.661;79.264;0.154426;1;344.64;180.37;411.54;278.01;183.60;428.02;0.240
438;127;134;69.766;57.755;-0.172161;1;344.64;180.37;411.54;389.85;136.03;442.75;0.442
439;127;149;71.755;95.436;0.330019;1;344.64;180.37;411.54;364.25;197.78;477.98;0.930
440;128;141;70.276;77.102;0.097143;0;457.55;203.69;414.35;476.70;262.64;447.86;0.476
441;128;151;71.646;1.458;-0.979645;1;457.55;203.69;414.35;448.25;189.71;483.47;0.972
442;129;131;70.384;73.231;0.040459;1;342.95;449.34;415.02;356.64;379.84;417.89;0.040
443;129;139;67.214;133.878;0.991805;1;342.95;449.34;415.02;396.96;427.26;449.74;0.511
444;129;150;69.373;47.338;-0.317633;1;342.95;449.34;415.02;303.32;451.59;472.59;0.823
445;130;132;71.942;71.416;-0.007313;1;244.10;276.88;416.59;226.64;346.99;421.24;0.064
446;130;137;71.410;68.169;-0.045386;1;244.10;276.88;416.59;302.05;310.80;440.79;0.339
447;130;142;70.994;78.439;0.104873;1;244.10;276.88;416.59;220.85;220.57;452.52;0.508
448;130;144;72.928;87.501;0.199837;0;244.10;276.88;416.59;185.80;297.45;456.93;0.546
449;130;153;72.247;69.928;-0.032094;1;244.10;276.88;416.59;251.88;269.79;488.38;0.989
450;131;139;69.189;116.607;0.685349;1;356.64;379.84;417.89;396.96;427.26;449.74;0.456
451;131;143;69.953;92.183;0.317790;1;356.64;379.84;417.89;392.35;331.56;453.26;0.507
452;131;152;72.298;72.423;0.001721;1;356.64;379.84;417.89;341.55;384.83;488.43;0.976
453;132;135;71.309;58.745;-0.176201;1;226.64;346.99;421.24;160.70;363.57;445.53;0.336
454;132;144;73.338;60.395;-0.176478;1;226.64;346.99;421.24;185.80;297.45;456.93;0.486
455;132;148;71.423;73.333;0.026752;1;226.64;346.99;421.24;274.71;371.06;467.49;0.652
456;133;140;71.163;67.778;-0.047565;1;278.01;183.60;428.02;294.74;116.39;446.45;0.257
457;133;142;72.624;69.841;-0.038333;1;278.01;183.60;428.02;220.85;220.57;452.52;0.339
458;133;145;75.441;113.842;0.509023;1;278.01;183.60;428.02;309.06;241.67;464.51;0.485
459;133;158;74.092;72.972;-0.015124;1;278.01;183.60;428.02;296.37;181.36;499.34;0.968
460;134;149;74.960;76.876;0.025558;1;389.85;136.03;442.75;364.25;197.78;477.98;0.466
461;134;162;73.426;46.467;-0.367148;1;389.85;136.03;442.75;401.46;145.84;514.93;0.979
462;135;144;71.516;75.543;0.056308;1;160.70;363.57;445.53;185.80;297.45;456.93;0.159
463;135;160;70.273;21.148;-0.699055;1;160.70;363.57;445.53;180.36;394.56;505.21;0.852
464;136;143;77.884;97.246;0.248606;0;371.30;257.45;438.50;392.35;331.56;453.26;0.188
465;136;145;68.559;107.151;0.562895;1;371.30;257.45;438.50;309.06;241.67;464.51;0.375
466;136;149;71.664;68.871;-0.038973;1;371.30;257.45;438.50;364.25;197.78;477.98;0.549
467;136;156;70.701;74.945;0.060030;1;371.30;257.45;438.50;414.03;277.19;490.47;0.741
468;136;159;69.977;81.307;0.161903;0;371.30;257.45;438.50;347.01;294.35;492.99;0.777
469;137;145;74.457;70.397;-0.054533;1;302.05;310.80;440.79;309.06;241.67;464.51;0.323
470;137;148;71.223;71.053;-0.002387;0;302.05;310.80;440.79;274.71;371.06;467.49;0.374
471;137;153;80.832;70.902;-0.122850;1;302.05;310.80;440.79;251.88;269.79;488.38;0.592
472;137;159;70.866;98.730;0.393194;0;302.05;310.80;440.79;347.01;294.35;492.99;0.737
473;138;139;72.117;64.826;-0.101107;1;448.91;376.82;452.14;396.96;427.26;449.74;-0.033
474;138;143;72.359;82.226;0.136359;1;448.91;376.82;452.14;392.35;331.56;453.26;0.015
475;138;157;73.232;68.727;-0.061516;1;448.91;376.82;452.14;471.17;318.35;490.72;0.525
476;139;152;79.489;119.729;0.506237;0;396.96;427.26;449.74;341.55;384.83;488.43;0.485
477;139;163;68.640;96.473;0.405484;1;396.96;427.26;449.74;408.53;414.54;516.23;0.968
478;140;155;72.739;72.758;0.000264;1;294.74;116.39;446.45;238.91;131.78;491.81;0.617
479;140;164;73.125;69.584;-0.048430;1;294.74;116.39;446.45;309.92;114.40;518.09;0.978
480;141;156;76.998;73.272;-0.048396;1;476.70;262.64;447.86;414.03;277.19;490.47;0.552
481;141;157;70.182;69.262;-0.013106;0;476.70;262.64;447.86;471.17;318.35;490.72;0.608
482;141;167;75.627;1.250;-0.983466;1;476.70;262.64;447.86;470.40;246.92;521.17;0.974
483;142;153;68.686;70.995;0.033621;1;220.85;220.57;452.52;251.88;269.79;488.38;0.525
484;142;154;72.063;87.590;0.215467;1;220.85;220.57;452.52;179.70;172.48;488.44;0.494
485;142;165;72.508;68.780;-0.051413;1;220.85;220.57;452.52;234.41;205.82;522.12;0.961
486;143;152;81.482;99.491;0.221015;1;392.35;331.56;453.26;341.55;384.83;488.43;0.431
487;143;156;69.291;35.728;-0.484386;0;392.35;331.56;453.26;414.03;277.19;490.47;0.537
488;143;159;70.012;80.451;0.149113;1;392.35;331.56;453.26;347.01;294.35;492.99;0.561
489;143;166;69.283;49.461;-0.286103;0;392.35;331.56;453.26;390.29;344.38;521.01;0.982
490;144;147;69.797;104.973;0.503972;1;185.80;297.45;456.93;144.96;241.59;465.58;0.124
491;144;153;77.447;92.572;0.195294;1;185.80;297.45;456.93;251.88;269.79;488.38;0.402
492;144;161;73.004;53.274;-0.270261;1;185.80;297.45;456.93;223.04;334.42;507.14;0.691
493;144;174;81.600;49.888;-0.388627;1;185.80;297.45;456.93;199.55;267.67;531.55;0.915
494;145;149;71.665;91.738;0.280091;1;309.06;241.67;464.51;364.25;197.78;477.98;0.188
495;145;153;69.165;1.022;-0.985226;1;309.06;241.67;464.51;251.88;269.79;488.38;0.351
496;145;158;70.263;90.175;0.283388;1;309.06;241.67;464.51;296.37;181.36;499.34;0.492
497;145;159;71.320;69.130;-0.030701;1;309.06;241.67;464.51;347.01;294.35;492.99;0.402
498;145;172;70.292;107.843;0.534206;1;309.06;241.67;464.51;327.06;236.68;532.43;0.964
499;146;148;72.921;70.737;-0.029952;1;234.97;432.70;466.13;274.71;371.06;467.49;0.018
500;146;150;71.079;77.804;0.094609;1;234.97;432.70;466.13;303.32;451.59;472.59;0.091
501;146;160;77.553;96.640;0.246121;1;234.97;432.70;466.13;180.36;394.56;505.21;0.506
502;146;173;70.495;71.929;0.020330;1;234.97;432.70;466.13;228.75;435.34;536.51;0.995
503;147;154;80.651;69.872;-0.133645;1;144.96;241.59;465.58;179.70;172.48;488.44;0.283
504;147;168;68.259;74.912;0.097460;1;144.96;241.59;465.58;148.10;221.50;530.49;0.954
505;148;152;72.118;71.629;-0.006776;1;274.71;371.06;467.49;341.55;384.83;488.43;0.293
506;148;161;74.253;73.660;-0.007986;1;274.71;371.06;467.49;223.04;334.42;507.14;0.531
507;148;175;68.442;83.326;0.217469;1;274.71;371.06;467.49;276.02;386.05;534.74;0.976
508;149;158;72.797;3.090;-0.957554;1;364.25;197.78;477.98;296.37;181.36;499.34;0.293
509;149;162;72.661;65.278;-0.101609;1;364.25;197.78;477.98;401.46;145.84;514.93;0.501
510;149;172;76.610;71.798;-0.062820;1;364.25;197.78;477.98;327.06;236.68;532.43;0.711
511;149;176;71.952;77.039;0.070707;0;364.25;197.78;477.98;405.17;221.37;532.48;0.756
512;149;177;78.314;74.217;-0.052316;1;364.25;197.78;477.98;346.40;173.09;550.00;0.921
513;150;152;78.647;80.520;0.023811;1;303.32;451.59;472.59;341.55;384.83;488.43;0.202
514;150;171;72.563;96.027;0.323355;1;303.32;451.59;472.59;345.22;445.72;531.11;0.810
515;151;162;71.189;101.118;0.420410;1;448.25;189.71;483.47;401.46;145.84;514.93;0.440
516;151;167;71.226;77.206;0.083953;1;448.25;189.71;483.47;470.40;246.92;521.17;0.524
517;151;176;71.795;92.183;0.283981;1;448.25;189.71;483.47;405.17;221.37;532.48;0.676
518;152;163;76.582;112.450;0.468364;1;341.55;384.83;488.43;408.53;414.54;516.23;0.355
519;152;166;71.043;70.767;-0.003879;1;341.55;384.83;488.43;390.29;344.38;521.01;0.457
520;152;171;73.847;73.627;-0.002972;1;341.55;384.83;488.43;345.22;445.72;531.11;0.573
521;152;175;80.200;77.634;-0.031990;1;341.55;384.83;488.43;276.02;386.05;534.74;0.577
522;152;182;72.150;76.377;0.058587;1;341.55;384.83;488.43;340.23;379.10;560.40;0.997
523;153;161;71.797;100.227;0.395976;1;251.88;269.79;488.38;223.04;334.42;507.14;0.256
524;153;165;75.034;70.334;-0.062643;1;251.88;269.79;488.38;234.41;205.82;522.12;0.454
525;153;170;70.876;72.974;0.029606;1;251.88;269.79;488.38;289.10;316.71;526.94;0.541
526;153;174;67.324;85.595;0.271393;0;251.88;269.79;488.38;199.55;267.67;531.55;0.636
527;154;155;71.603;73.308;0.023804;1;179.70;172.48;488.44;238.91;131.78;491.81;0.047
528;154;165;71.210;90.428;0.269888;1;179.70;172.48;488.44;234.41;205.82;522.12;0.465
529;154;168;71.468;76.618;0.072059;1;179.70;172.48;488.44;148.10;221.50;530.49;0.585
530;154;178;72.667;101.555;0.397544;1;179.70;172.48;488.44;183.99;166.42;560.97;0.995
531;155;158;76.302;113.654;0.489538;1;238.91;131.78;491.81;296.37;181.36;499.34;0.099
532;155;164;77.540;86.136;0.110848;1;238.91;131.78;491.81;309.92;114.40;518.09;0.338
533;155;165;80.855;97.143;0.201447;1;238.91;131.78;491.81;234.41;205.82;522.12;0.378
534;155;181;70.965;124.223;0.750474;1;238.91;131.78;491.81;246.24;124.95;561.69;0.990
535;156;157;70.158;89.678;0.278227;1;414.03;277.19;490.47;471.17;318.35;490.72;0.004
536;156;159;70.341;71.047;0.010046;1;414.03;277.19;490.47;347.01;294.35;492.99;0.036
537;156;166;77.713;74.555;-0.040639;1;414.03;277.19;490.47;390.29;344.38;521.01;0.394
538;156;167;69.436;72.879;0.049590;1;414.03;277.19;490.47;470.40;246.92;521.17;0.433
539;156;176;69.971;78.219;0.117872;1;414.03;277.19;490.47;405.17;221.37;532.48;0.597
540;156;180;69.363;71.832;0.035593;1;414.03;277.19;490.47;415.48;289.60;558.92;0.984
541;157;167;77.913;68.403;-0.122071;1;471.17;318.35;490.72;470.40;246.92;521.17;0.392
542;157;179;69.626;70.116;0.007042;0;471.17;318.35;490.72;460.18;348.77;552.02;0.884
543;158;164;70.372;76.135;0.081895;1;296.37;181.36;499.34;309.92;114.40;518.09;0.265
544;158;165;71.463;71.133;-0.004615;1;296.37;181.36;499.34;234.41;205.82;522.12;0.323
545;158;172;71.031;71.404;0.005259;0;296.37;181.36;499.34;327.06;236.68;532.43;0.463
546;158;177;71.723;75.026;0.046056;1;296.37;181.36;499.34;346.40;173.09;550.00;0.707
547;158;187;83.295;58.386;-0.299045;1;296.37;181.36;499.34;284.34;192.91;581.19;0.980
548;159;166;71.060;101.738;0.431717;0;347.01;294.35;492.99;390.29;344.38;521.01;0.390
549;159;170;69.858;89.196;0.276824;0;347.01;294.35;492.99;289.10;316.71;526.94;0.480
550;159;172;73.430;87.754;0.195067;1;347.01;294.35;492.99;327.06;236.68;532.43;0.543
551;159;183;69.788;86.466;0.238987;1;347.01;294.35;492.99;347.91;302.73;563.01;0.993
552;160;161;73.472;71.605;-0.025411;1;180.36;394.56;505.21;223.04;334.42;507.14;0.026
553;160;173;70.385;120.247;0.708427;1;180.36;394.56;505.21;228.75;435.34;536.51;0.443
554;160;184;70.127;74.085;0.056429;1;180.36;394.56;505.21;152.55;361.63;560.57;0.789
555;161;170;71.147;46.477;-0.346739;0;223.04;334.42;507.14;289.10;316.71;526.94;0.278
556;161;174;74.918;88.007;0.174706;0;223.04;334.42;507.14;199.55;267.67;531.55;0.326
557;161;175;78.731;92.006;0.168605;1;223.04;334.42;507.14;276.02;386.05;534.74;0.349
558;161;186;72.015;69.437;-0.035799;1;223.04;334.42;507.14;221.69;358.53;574.71;0.942
559;162;176;77.528;84.338;0.087837;0;401.46;145.84;514.93;405.17;221.37;532.48;0.226
560;162;177;70.737;30.185;-0.573281;1;401.46;145.84;514.93;346.40;173.09;550.00;0.496
561;162;189;76.211;78.821;0.034254;1;401.46;145.84;514.93;397.76;145.41;591.58;0.999
562;163;166;73.155;56.917;-0.221958;1;408.53;414.54;516.23;390.29;344.38;521.01;0.066
563;163;171;71.283;116.834;0.639010;1;408.53;414.54;516.23;345.22;445.72;531.11;0.206
564;163;190;71.759;82.358;0.147700;1;408.53;414.54;516.23;390.60;426.11;585.12;0.955
565;164;177;76.571;70.807;-0.075270;1;309.92;114.40;518.09;346.40;173.09;550.00;0.419
566;164;181;77.749;77.435;-0.004034;1;309.92;114.40;518.09;246.24;124.95;561.69;0.560
567;164;191;71.526;79.611;0.113038;1;309.92;114.40;518.09;311.00;115.98;589.89;1.000
568;165;174;71.116;79.983;0.124685;1;234.41;205.82;522.12;199.55;267.67;531.55;0.132
569;165;178;73.725;126.771;0.719506;1;234.41;205.82;522.12;183.99;166.42;560.97;0.519
570;165;185;82.783;71.641;-0.134596;1;234.41;205.82;522.12;272.32;264.23;568.17;0.552
571;165;187;78.042;27.681;-0.645301;1;234.41;205.82;522.12;284.34;192.91;581.19;0.753
572;165;195;72.004;70.376;-0.022609;1;234.41;205.82;522.12;215.75;225.71;589.11;0.926
573;166;179;75.969;69.123;-0.090106;0;390.29;344.38;521.01;460.18;348.77;552.02;0.405
574;166;180;70.359;103.247;0.467439;1;390.29;344.38;521.01;415.48;289.60;558.92;0.532
575;166;182;71.757;89.167;0.242618;1;390.29;344.38;521.01;340.23;379.10;560.40;0.543
576;166;183;71.677;104.765;0.461634;1;390.29;344.38;521.01;347.91;302.73;563.01;0.577
577;166;194;70.029;105.783;0.510570;1;390.29;344.38;521.01;400.11;353.51;590.26;0.982
578;167;176;70.580;100.065;0.417752;0;470.40;246.92;521.17;405.17;221.37;532.48;0.159
579;167;180;79.246;87.778;0.107654;1;470.40;246.92;521.17;415.48;289.60;558.92;0.477
580;167;193;71.365;124.407;0.743244;1;470.40;246.92;521.17;469.83;259.86;590.61;0.983
581;168;174;68.536;59.252;-0.135457;1;148.10;221.50;530.49;199.55;267.67;531.55;0.015
582;168;178;72.041;157.859;1.191246;1;148.10;221.50;530.49;183.99;166.42;560.97;0.421
583;168;198;70.363;71.156;0.011269;1;148.10;221.50;530.49;137.63;240.02;597.60;0.953
584;169;174;69.774;56.602;-0.188781;1;136.96;300.29;526.04;199.55;267.67;531.55;0.078
585;169;184;71.358;129.878;0.820095;1;136.96;300.29;526.04;152.55;361.63;560.57;0.479
586;169;196;70.793;80.131;0.131905;0;136.96;300.29;526.04;173.22;298.03;587.63;0.861
587;170;175;70.562;78.198;0.108220;1;289.10;316.71;526.94;276.02;386.05;534.74;0.110
588;170;183;69.779;106.233;0.522427;1;289.10;316.71;526.94;347.91;302.73;563.01;0.512
589;170;185;69.380;75.683;0.090850;1;289.10;316.71;526.94;272.32;264.23;568.17;0.599
590;171;182;72.431;104.049;0.436518;1;345.22;445.72;531.11;340.23;379.10;560.40;0.401
591;171;188;71.795;72.604;0.011273;1;345.22;445.72;531.11;291.29;448.96;578.47;0.659
592;171;190;72.930;73.230;0.004122;1;345.22;445.72;531.11;390.60;426.11;585.12;0.738
593;172;177;68.161;72.994;0.070900;1;327.06;236.68;532.43;346.40;173.09;550.00;0.256
594;172;183;75.539;123.193;0.630857;1;327.06;236.68;532.43;347.91;302.73;563.01;0.404
595;172;185;71.233;76.762;0.077618;1;327.06;236.68;532.43;272.32;264.23;568.17;0.504
596;172;187;77.985;47.109;-0.395923;1;327.06;236.68;532.43;284.34;192.91;581.19;0.623
597;172;197;71.036;70.150;-0.012474;1;327.06;236.68;532.43;364.64;232.69;592.89;0.848
598;173;175;68.323;82.960;0.214240;1;228.75;435.34;536.51;276.02;386.05;534.74;-0.026
599;173;188;75.785;99.144;0.308221;0;228.75;435.34;536.51;291.29;448.96;578.47;0.548
600;173;200;70.383;69.619;-0.010857;0;228.75;435.34;536.51;227.79;433.91;606.56;1.000
601;174;195;73.955;32.226;-0.564241;0;199.55;267.67;531.55;215.75;225.71;589.11;0.788
602;174;196;68.563;91.553;0.335301;1;199.55;267.67;531.55;173.22;298.03;587.63;0.813
603;175;182;69.513;47.695;-0.313875;1;276.02;386.05;534.74;340.23;379.10;560.40;0.369
604;175;186;72.585;91.230;0.256859;1;276.02;386.05;534.74;221.69;358.53;574.71;0.549
605;175;188;78.317;72.684;-0.071919;1;276.02;386.05;534.74;291.29;448.96;578.47;0.560
606;175;199;69.391;55.429;-0.201209;1;276.02;386.05;534.74;288.55;358.56;596.37;0.898
607;176;177;77.952;92.019;0.180462;1;405.17;221.37;532.48;346.40;173.09;550.00;0.225
608;176;180;74.033;72.238;-0.024249;1;405.17;221.37;532.48;415.48;289.60;558.92;0.358
609;176;192;69.945;78.886;0.127829;1;405.17;221.37;532.48;445.74;195.79;584.01;0.732
610;176;197;73.449;70.837;-0.035555;1;405.17;221.37;532.48;364.64;232.69;592.89;0.821
611;177;187;72.416;88.005;0.215270;1;346.40;173.09;550.00;284.34;192.91;581.19;0.432
612;177;189;70.498;71.190;0.009815;1;346.40;173.09;550.00;397.76;145.41;591.58;0.580
613;177;191;77.028;90.144;0.170275;1;346.40;173.09;550.00;311.00;115.98;589.89;0.510
614;177;197;75.126;125.807;0.674610;1;346.40;173.09;550.00;364.64;232.69;592.89;0.567
615;177;202;73.613;119.229;0.619679;1;346.40;173.09;550.00;342.89;170.26;624.18;0.998
616;178;181;74.835;70.354;-0.059876;1;183.99;166.42;560.97;246.24;124.95;561.69;0.010
617;178;195;72.077;141.807;0.967434;1;183.99;166.42;560.97;215.75;225.71;589.11;0.386
618;178;203;73.801;72.087;-0.023227;1;183.99;166.42;560.97;230.97;161.48;618.27;0.772
619;178;207;74.925;101.953;0.360732;1;183.99;166.42;560.97;165.42;185.84;631.24;0.934
620;179;180;73.472;79.602;0.083443;1;460.18;348.77;552.02;415.48;289.60;558.92;0.093
621;179;194;70.081;59.550;-0.150263;1;460.18;348.77;552.02;400.11;353.51;590.26;0.536
622;179;201;69.269;68.073;-0.017269;1;460.18;348.77;552.02;462.34;325.94;617.85;0.944
623;180;183;68.977;90.502;0.312062;1;415.48;289.60;558.92;347.91;302.73;563.01;0.059
624;180;193;68.833;102.543;0.489746;1;415.48;289.60;558.92;469.83;259.86;590.61;0.455
625;180;194;72.089;76.548;0.061860;1;415.48;289.60;558.92;400.11;353.51;590.26;0.430
626;180;197;83.484;67.437;-0.192216;1;415.48;289.60;558.92;364.64;232.69;592.89;0.407
627;180;205;67.084;71.257;0.062218;1;415.48;289.60;558.92;410.69;276.81;624.70;0.979
628;181;187;79.461;82.824;0.042327;1;246.24;124.95;561.69;284.34;192.91;581.19;0.243
629;181;191;70.863;74.122;0.045995;1;246.24;124.95;561.69;311.00;115.98;589.89;0.396
630;181;203;69.430;2.308;-0.966752;1;246.24;124.95;561.69;230.97;161.48;618.27;0.819
631;182;183;76.587;57.321;-0.251560;1;340.23;379.10;560.40;347.91;302.73;563.01;0.034
632;182;190;72.884;84.510;0.159507;1;340.23;379.10;560.40;390.60;426.11;585.12;0.338
633;182;194;71.724;93.120;0.298300;1;340.23;379.10;560.40;400.11;353.51;590.26;0.417
634;182;199;67.177;27.552;-0.589854;1;340.23;379.10;560.40;288.55;358.56;596.37;0.543
635;182;209;73.412;49.947;-0.319632;1;340.23;379.10;560.40;344.10;388.88;633.26;0.990
636;183;194;78.379;63.471;-0.190197;1;347.91;302.73;563.01;400.11;353.51;590.26;0.351
637;183;197;78.061;71.334;-0.086176;1;347.91;302.73;563.01;364.64;232.69;592.89;0.383
638;183;206;68.657;47.174;-0.312910;1;347.91;302.73;563.01;314.88;289.81;621.81;0.856
639;184;186;70.881;93.704;0.321993;1;152.55;361.63;560.57;221.69;358.53;574.71;0.200
640;184;196;71.756;70.157;-0.022282;1;152.55;361.63;560.57;173.22;298.03;587.63;0.375
641;184;208;69.544;4.910;-0.929396;1;152.55;361.63;560.57;150.84;365.81;630.68;0.998
642;185;187;73.084;73.175;0.001245;1;272.32;264.23;568.17;284.34;192.91;581.19;0.177
643;185;195;71.216;69.168;-0.028745;1;272.32;264.23;568.17;215.75;225.71;589.11;0.293
644;185;204;70.535;78.932;0.119044;1;272.32;264.23;568.17;247.75;306.60;618.54;0.717
645;185;206;73.591;68.745;-0.065848;1;272.32;264.23;568.17;314.88;289.81;621.81;0.734
646;185;211;76.827;133.033;0.731600;1;272.32;264.23;568.17;266.46;233.99;638.76;0.917
647;186;196;79.515;89.300;0.123059;1;221.69;358.53;574.71;173.22;298.03;587.63;0.164
648;186;199;69.403;102.614;0.478521;1;221.69;358.53;574.71;288.55;358.56;596.37;0.308
649;186;204;72.169;1.015;-0.985930;0;221.69;358.53;574.71;247.75;306.60;618.54;0.602
650;186;210;72.831;66.178;-0.091340;1;221.69;358.53;574.71;236.61;372.06;644.32;0.961
651;187;191;81.662;111.210;0.361824;1;284.34;192.91;581.19;311.00;115.98;589.89;0.106
652;187;195;75.654;88.293;0.167073;1;284.34;192.91;581.19;215.75;225.71;589.11;0.104
653;187;202;76.175;109.420;0.436414;1;284.34;192.91;581.19;342.89;170.26;624.18;0.565
654;187;203;72.034;81.022;0.124777;1;284.34;192.91;581.19;230.97;161.48;618.27;0.514
655;187;211;72.974;129.599;0.775966;1;284.34;192.91;581.19;266.46;233.99;638.76;0.789
656;188;200;70.814;112.485;0.588457;0;291.29;448.96;578.47;227.79;433.91;606.56;0.395
657;188;212;72.436;68.719;-0.051318;0;291.29;448.96;578.47;313.60;451.70;647.58;0.951
658;189;192;70.397;5.986;-0.914963;1;397.76;145.41;591.58;445.74;195.79;584.01;-0.108
659;189;202;68.950;120.554;0.748424;0;397.76;145.41;591.58;342.89;170.26;624.18;0.476
660;190;194;73.384;99.175;0.351460;1;390.60;426.11;585.12;400.11;353.51;590.26;0.070
661;190;209;76.526;87.360;0.141567;1;390.60;426.11;585.12;344.10;388.88;633.26;0.629
662;190;213;70.837;75.540;0.066394;1;390.60;426.11;585.12;415.77;403.32;647.40;0.878
663;191;202;71.151;76.888;0.080629;1;311.00;115.98;589.89;342.89;170.26;624.18;0.478
664;192;193;68.179;166.771;1.446083;0;445.74;195.79;584.01;469.83;259.86;590.61;0.096
665;192;214;69.905;99.162;0.418534;1;445.74;195.79;584.01;452.35;223.19;648.52;0.916
666;193;201;70.528;99.518;0.411039;1;469.83;259.86;590.61;462.34;325.94;617.85;0.379
667;193;205;69.398;100.335;0.445804;1;469.83;259.86;590.61;410.69;276.81;624.70;0.485
668;193;214;71.036;144.579;1.035289;1;469.83;259.86;590.61;452.35;223.19;648.52;0.819
669;194;201;72.491;37.520;-0.482415;1;400.11;353.51;590.26;462.34;325.94;617.85;0.376
670;194;209;78.989;90.060;0.140155;1;400.11;353.51;590.26;344.10;388.88;633.26;0.544
671;194;213;76.773;67.346;-0.122787;1;400.11;353.51;590.26;415.77;403.32;647.40;0.738
672;194;217;73.879;31.220;-0.577415;1;400.11;353.51;590.26;388.55;337.98;661.13;0.965
673;195;203;71.408;95.801;0.341601;1;215.75;225.71;589.11;230.97;161.48;618.27;0.404
674;195;207;76.019;147.169;0.935949;1;215.75;225.71;589.11;165.42;185.84;631.24;0.549
675;195;211;70.842;105.745;0.492687;1;215.75;225.71;589.11;266.46;233.99;638.76;0.695
676;195;216;67.231;66.252;-0.014567;1;215.75;225.71;589.11;201.38;242.34;652.45;0.945
677;196;198;68.627;67.418;-0.017615;1;173.22;298.03;587.63;137.63;240.02;597.60;0.145
678;196;215;69.131;68.446;-0.009902;1;173.22;298.03;587.63;186.47;309.30;653.49;0.967
679;197;202;73.245;114.609;0.564733;1;364.64;232.69;592.89;342.89;170.26;624.18;0.428
680;197;205;71.308;69.138;-0.030437;1;364.64;232.69;592.89;410.69;276.81;624.70;0.446
681;197;206;80.909;76.932;-0.049148;1;364.64;232.69;592.89;314.88;289.81;621.81;0.357
682;197;218;73.577;68.542;-0.068439;1;364.64;232.69;592.89;347.19;243.70;663.27;0.960
683;198;207;68.449;110.422;0.613214;0;137.63;240.02;597.60;165.42;185.84;631.24;0.484
684;198;220;71.662;94.372;0.316907;1;137.63;240.02;597.60;133.73;248.76;668.49;0.991
685;199;204;68.878;102.324;0.485600;1;288.55;358.56;596.37;247.75;306.60;618.54;0.318
686;199;206;77.497;76.216;-0.016528;1;288.55;358.56;596.37;314.88;289.81;621.81;0.327
687;199;209;73.322;22.459;-0.693693;1;288.55;358.56;596.37;344.10;388.88;633.26;0.504
688;199;210;71.435;93.298;0.306061;1;288.55;358.56;596.37;236.61;372.06;644.32;0.666
689;199;219;70.244;80.891;0.151577;1;288.55;358.56;596.37;302.66;342.93;663.14;0.954
690;200;210;72.515;41.064;-0.433715;1;227.79;433.91;606.56;236.61;372.06;644.32;0.517
691;200;222;69.535;70.639;0.015872;1;227.79;433.91;606.56;215.54;432.21;675.34;0.984
692;201;205;70.998;82.167;0.157306;1;462.34;325.94;617.85;410.69;276.81;624.70;0.096
693;201;226;72.582;88.707;0.222153;1;462.34;325.94;617.85;461.64;315.95;689.92;0.990
694;202;221;71.081;5.012;-0.929487;1;342.89;170.26;624.18;284.68;167.75;664.57;0.570
695;202;228;69.712;3.342;-0.952062;1;342.89;170.26;624.18;352.07;179.55;692.58;0.982
696;203;207;70.834;129.485;0.828009;0;230.97;161.48;618.27;165.42;185.84;631.24;0.182
697;203;221;71.087;80.259;0.129022;0;230.97;161.48;618.27;284.68;167.75;664.57;0.650
698;203;225;70.444;76.392;0.084448;1;230.97;161.48;618.27;226.98;131.07;682.72;0.903
699;204;206;69.482;81.008;0.165884;1;247.75;306.60;618.54;314.88;289.81;621.81;0.047
700;204;210;71.410;65.193;-0.087061;1;247.75;306.60;618.54;236.61;372.06;644.32;0.362
701;204;211;77.775;149.981;0.928394;1;247.75;306.60;618.54;266.46;233.99;638.76;0.260
702;204;215;70.918;102.834;0.450037;1;247.75;306.60;618.54;186.47;309.30;653.49;0.495
703;204;219;79.770;64.680;-0.189171;1;247.75;306.60;618.54;302.66;342.93;663.14;0.561
704;204;224;69.353;129.438;0.866378;1;247.75;306.60;618.54;263.88;286.01;683.46;0.928
705;205;214;72.265;121.289;0.678396;0;410.69;276.81;624.70;452.35;223.19;648.52;0.331
706;205;217;74.394;69.130;-0.070756;1;410.69;276.81;624.70;388.55;337.98;661.13;0.489
707;205;227;72.280;3.552;-0.950861;1;410.69;276.81;624.70;402.58;274.78;696.27;0.993
708;206;211;76.208;143.701;0.885636;1;314.88;289.81;621.81;266.46;233.99;638.76;0.224
709;206;218;70.213;68.848;-0.019440;1;314.88;289.81;621.81;347.19;243.70;663.27;0.593
710;206;219;69.082;42.127;-0.390192;1;314.88;289.81;621.81;302.66;342.93;663.14;0.604
711;207;216;69.944;162.645;1.325370;1;165.42;185.84;631.24;201.38;242.34;652.45;0.302
712;207;220;79.536;114.089;0.434446;1;165.42;185.84;631.24;133.73;248.76;668.49;0.467
713;207;229;73.276;113.313;0.546386;1;165.42;185.84;631.24;160.02;183.30;704.21;0.997
714;208;215;70.790;108.192;0.528338;1;150.84;365.81;630.68;186.47;309.30;653.49;0.323
715;209;212;71.807;71.866;0.000811;1;344.10;388.88;633.26;313.60;451.70;647.58;0.201
716;209;213;73.732;98.754;0.339357;0;344.10;388.88;633.26;415.77;403.32;647.40;0.190
717;209;217;72.731;78.243;0.075799;1;344.10;388.88;633.26;388.55;337.98;661.13;0.381
718;209;219;69.430;73.937;0.064916;1;344.10;388.88;633.26;302.66;342.93;663.14;0.435
719;209;236;75.574;69.082;-0.085893;1;344.10;388.88;633.26;346.26;378.17;707.95;0.989
720;210;215;81.765;107.622;0.316240;1;236.61;372.06;644.32;186.47;309.30;653.49;0.113
721;210;219;74.755;60.272;-0.193747;1;236.61;372.06;644.32;302.66;342.93;663.14;0.252
722;210;222;70.226;49.524;-0.294798;1;236.61;372.06;644.32;215.54;432.21;675.34;0.438
723;210;231;73.933;78.154;0.057090;1;236.61;372.06;644.32;279.16;398.46;697.87;0.730
724;210;234;80.840;49.070;-0.392999;0;236.61;372.06;644.32;210.83;341.61;713.85;0.867
725;211;216;67.279;81.854;0.216627;1;266.46;233.99;638.76;201.38;242.34;652.45;0.204
726;211;221;73.362;72.425;-0.012765;0;266.46;233.99;638.76;284.68;167.75;664.57;0.352
727;211;224;68.335;88.485;0.294871;1;266.46;233.99;638.76;263.88;286.01;683.46;0.651
728;211;230;77.569;2.076;-0.973231;1;266.46;233.99;638.76;227.81;202.55;699.01;0.771
729;211;233;75.179;73.790;-0.018475;1;266.46;233.99;638.76;297.31;220.88;706.06;0.895
730;212;231;80.793;68.996;-0.146011;1;313.60;451.70;647.58;279.16;398.46;697.87;0.621
731;212;240;68.988;72.461;0.050331;1;313.60;451.70;647.58;321.64;452.92;715.30;0.993
732;213;217;71.865;89.467;0.244929;1;415.77;403.32;647.40;388.55;337.98;661.13;0.190
733;213;238;70.457;42.587;-0.395560;1;415.77;403.32;647.40;426.30;390.47;715.71;0.972
734;214;223;72.001;13.721;-0.809438;1;452.35;223.19;648.52;418.87;167.58;681.07;0.448
735;214;241;71.890;61.874;-0.139330;1;452.35;223.19;648.52;452.47;227.39;720.58;0.998
736;215;216;68.209;72.597;0.064331;1;186.47;309.30;653.49;201.38;242.34;652.45;-0.015
737;215;220;80.818;90.810;0.123627;1;186.47;309.30;653.49;133.73;248.76;668.49;0.184
738;215;232;71.711;0.340;-0.995263;1;186.47;309.30;653.49;135.23;316.84;704.90;0.705
739;215;234;72.536;103.959;0.433196;1;186.47;309.30;653.49;210.83;341.61;713.85;0.831
740;215;239;71.951;69.615;-0.032473;1;186.47;309.30;653.49;186.80;269.03;712.96;0.828
741;216;220;68.790;113.386;0.648292;1;201.38;242.34;652.45;133.73;248.76;668.49;0.230
742;216;230;66.624;82.054;0.231597;0;201.38;242.34;652.45;227.81;202.55;699.01;0.698
743;216;239;67.917;85.977;0.265926;1;201.38;242.34;652.45;186.80;269.03;712.96;0.894
744;217;226;80.993;115.942;0.431507;1;388.55;337.98;661.13;461.64;315.95;689.92;0.353
745;217;227;73.525;68.679;-0.065917;1;388.55;337.98;661.13;402.58;274.78;696.27;0.477
746;217;236;74.606;62.347;-0.164324;1;388.55;337.98;661.13;346.26;378.17;707.95;0.626
747;217;237;80.066;76.658;-0.042563;1;388.55;337.98;661.13;337.60;298.42;709.28;0.598
748;217;238;84.248;112.252;0.332403;1;388.55;337.98;661.13;426.30;390.47;715.71;0.645
749;217;243;74.054;129.093;0.743227;1;388.55;337.98;661.13;392.94;331.71;734.78;0.995
750;218;227;71.180;73.627;0.034373;1;347.19;243.70;663.27;402.58;274.78;696.27;0.461
751;218;228;70.616;104.078;0.473863;1;347.19;243.70;663.27;352.07;179.55;692.58;0.415
752;218;233;69.425;120.462;0.735133;0;347.19;243.70;663.27;297.31;220.88;706.06;0.615
753;218;237;72.396;0.840;-0.988403;1;347.19;243.70;663.27;337.60;298.42;709.28;0.638
754;219;224;71.237;87.533;0.228766;1;302.66;342.93;663.14;263.88;286.01;683.46;0.283
755;219;231;69.594;83.102;0.194097;0;302.66;342.93;663.14;279.16;398.46;697.87;0.499
756;219;236;71.568;84.917;0.186521;1;302.66;342.93;663.14;346.26;378.17;707.95;0.624
757;219;237;71.712;90.341;0.259774;1;302.66;342.93;663.14;337.60;298.42;709.28;0.632
758;219;242;70.276;35.896;-0.489214;1;302.66;342.93;663.14;285.07;336.59;732.13;0.965
759;220;229;78.568;3.634;-0.953743;1;133.73;248.76;668.49;160.02;183.30;704.21;0.452
760;220;232;77.056;90.622;0.176045;1;133.73;248.76;668.49;135.23;316.84;704.90;0.472
761;220;239;72.071;81.348;0.128712;1;133.73;248.76;668.49;186.80;269.03;712.96;0.616
762;220;244;72.846;2.526;-0.965330;1;133.73;248.76;668.49;130.91;237.01;741.36;0.987
763;221;225;70.060;75.448;0.076915;1;284.68;167.75;664.57;226.98;131.07;682.72;0.257
764;221;228;73.399;8.340;-0.886379;1;284.68;167.75;664.57;352.07;179.55;692.58;0.379
765;221;230;74.016;74.345;0.004439;1;284.68;167.75;664.57;227.81;202.55;699.01;0.459
766;221;233;68.389;75.855;0.109179;1;284.68;167.75;664.57;297.31;220.88;706.06;0.605
767;221;235;76.129;76.946;0.010731;1;284.68;167.75;664.57;323.58;118.17;708.02;0.568
768;222;231;76.566;68.855;-0.100710;1;215.54;432.21;675.34;279.16;398.46;697.87;0.299
769;222;245;68.309;2.416;-0.964635;1;215.54;432.21;675.34;195.10;425.00;739.79;0.948
770;223;228;69.257;168.062;1.426654;1;418.87;167.58;681.07;352.07;179.55;692.58;0.167
771;223;241;79.036;69.882;-0.115819;1;418.87;167.58;681.07;452.47;227.39;720.58;0.499
772;223;249;72.656;98.673;0.358074;1;418.87;167.58;681.07;416.90;170.42;753.58;0.999
773;224;233;76.711;69.468;-0.094428;1;263.88;286.01;683.46;297.31;220.88;706.06;0.295
774;224;234;82.519;116.404;0.410622;1;263.88;286.01;683.46;210.83;341.61;713.85;0.368
775;224;242;73.576;84.148;0.143688;1;263.88;286.01;683.46;285.07;336.59;732.13;0.664
776;224;252;71.195;0.785;-0.988971;1;263.88;286.01;683.46;248.48;276.94;751.83;0.967
777;225;230;73.389;71.776;-0.021983;1;226.98;131.07;682.72;227.81;202.55;699.01;0.222
778;225;251;75.132;70.073;-0.067335;1;226.98;131.07;682.72;201.05;144.54;752.16;0.922
779;226;227;72.125;77.050;0.068275;1;461.64;315.95;689.92;402.58;274.78;696.27;0.088
780;226;255;72.703;5.150;-0.929164;0;461.64;315.95;689.92;457.74;320.74;761.81;0.996
781;227;237;70.551;73.577;0.042901;1;402.58;274.78;696.27;337.60;298.42;709.28;0.185
782;227;241;73.009;134.629;0.843998;1;402.58;274.78;696.27;452.47;227.39;720.58;0.333
783;227;243;68.965;141.498;1.051748;1;402.58;274.78;696.27;392.94;331.71;734.78;0.555
784;227;248;74.240;116.029;0.562885;1;402.58;274.78;696.27;375.82;225.31;745.08;0.655
785;228;233;69.482;79.253;0.140620;1;352.07;179.55;692.58;297.31;220.88;706.06;0.193
786;228;235;68.859;76.043;0.104335;1;352.07;179.55;692.58;323.58;118.17;708.02;0.222
787;228;248;73.510;88.794;0.207920;1;352.07;179.55;692.58;375.82;225.31;745.08;0.713
788;228;254;72.678;129.722;0.784888;1;352.07;179.55;692.58;334.50;169.73;762.07;0.961
789;229;230;70.751;97.117;0.372667;1;160.02;183.30;704.21;227.81;202.55;699.01;-0.074
790;229;244;70.970;3.186;-0.955105;1;160.02;183.30;704.21;130.91;237.01;741.36;0.520
791;229;251;74.418;113.907;0.530626;1;160.02;183.30;704.21;201.05;144.54;752.16;0.647
792;229;260;80.360;74.183;-0.076859;1;160.02;183.30;704.21;199.52;220.99;763.49;0.736
793;230;233;71.328;74.812;0.048843;1;227.81;202.55;699.01;297.31;220.88;706.06;0.098
794;230;239;79.512;105.694;0.329284;1;227.81;202.55;699.01;186.80;269.03;712.96;0.176
795;230;251;82.695;84.847;0.026016;1;227.81;202.55;699.01;201.05;144.54;752.16;0.640
796;230;256;71.017;74.706;0.051946;1;227.81;202.55;699.01;264.35;189.21;758.65;0.838
797;230;260;72.912;74.606;0.023232;0;227.81;202.55;699.01;199.52;220.99;763.49;0.886
798;231;236;70.228;77.276;0.100366;1;279.16;398.46;697.87;346.26;378.17;707.95;0.142
799;231;240;69.273;70.847;0.022717;1;279.16;398.46;697.87;321.64;452.92;715.30;0.245
800;231;242;71.006;62.469;-0.120230;1;279.16;398.46;697.87;285.07;336.59;732.13;0.483
801;231;247;72.116;84.142;0.166753;1;279.16;398.46;697.87;259.60;450.34;746.57;0.660
802;231;258;75.399;73.872;-0.020261;1;279.16;398.46;697.87;243.93;384.77;763.14;0.865
803;231;259;70.641;69.088;-0.021989;1;279.16;398.46;697.87;311.85;404.45;761.18;0.885
804;232;234;79.229;103.868;0.310984;1;135.23;316.84;704.90;210.83;341.61;713.85;0.112
805;232;239;70.654;69.276;-0.019512;1;135.23;316.84;704.90;186.80;269.03;712.96;0.114
806;232;246;68.784;72.874;0.059468;1;135.23;316.84;704.90;149.71;375.68;738.24;0.482
807;232;261;72.338;69.697;-0.036502;1;135.23;316.84;704.90;166.39;307.47;768.94;0.892
808;233;256;70.392;0.381;-0.994590;1;297.31;220.88;706.06;264.35;189.21;758.65;0.755
809;233;257;71.466;82.066;0.148319;1;297.31;220.88;706.06;317.76;258.14;762.93;0.801
810;234;239;76.201;105.167;0.380126;1;210.83;341.61;713.85;186.80;269.03;712.96;-0.012
811;234;242;76.211;52.264;-0.314221;1;210.83;341.61;713.85;285.07;336.59;732.13;0.239
812;234;246;74.179;64.484;-0.130691;1;210.83;341.61;713.85;149.71;375.68;738.24;0.329
813;234;252;83.544;117.094;0.401576;1;210.83;341.61;713.85;248.48;276.94;751.83;0.453
814;234;258;73.489;44.834;-0.389925;1;210.83;341.61;713.85;243.93;384.77;763.14;0.672
815;234;261;77.345;104.308;0.348610;1;210.83;341.61;713.85;166.39;307.47;768.94;0.701
816;235;253;71.478;102.113;0.428581;1;323.58;118.17;708.02;270.37;117.15;756.72;0.675
817;235;254;76.066;102.765;0.351008;1;323.58;118.17;708.02;334.50;169.73;762.07;0.716
818;236;240;78.234;92.082;0.177010;1;346.26;378.17;707.95;321.64;452.92;715.30;0.093
819;236;242;78.243;94.096;0.202612;1;346.26;378.17;707.95;285.07;336.59;732.13;0.311
820;236;243;71.570;72.019;0.006280;1;346.26;378.17;707.95;392.94;331.71;734.78;0.377
821;236;250;73.140;122.139;0.669924;1;346.26;378.17;707.95;378.54;429.96;750.36;0.571
822;236;259;68.800;121.415;0.764751;1;346.26;378.17;707.95;311.85;404.45;761.18;0.776
823;236;262;79.810;97.586;0.222723;1;346.26;378.17;707.95;341.46;339.50;777.33;0.872
824;237;242;68.448;111.135;0.623642;0;337.60;298.42;709.28;285.07;336.59;732.13;0.332
825;237;243;69.504;121.386;0.746470;1;337.60;298.42;709.28;392.94;331.71;734.78;0.367
826;237;257;70.415;113.766;0.615659;0;337.60;298.42;709.28;317.76;258.14;762.93;0.767
827;237;262;79.832;117.556;0.472530;1;337.60;298.42;709.28;341.46;339.50;777.33;0.855
828;238;243;70.179;74.424;0.060483;1;426.30;390.47;715.71;392.94;331.71;734.78;0.272
829;238;250;70.434;69.723;-0.010089;1;426.30;390.47;715.71;378.54;429.96;750.36;0.488
830;238;263;69.438;88.353;0.272402;1;426.30;390.47;715.71;430.23;382.26;784.82;0.991
831;239;244;69.357;79.662;0.148571;1;186.80;269.03;712.96;130.91;237.01;741.36;0.403
832;239;252;73.495;73.840;0.004698;1;186.80;269.03;712.96;248.48;276.94;751.83;0.530
833;239;260;70.063;69.662;-0.005727;1;186.80;269.03;712.96;199.52;220.99;763.49;0.713
834;239;261;70.679;1.385;-0.980411;1;186.80;269.03;712.96;166.39;307.47;768.94;0.790
835;240;247;68.612;126.538;0.844260;1;321.64;452.92;715.30;259.60;450.34;746.57;0.450
836;240;250;69.990;71.128;0.016250;1;321.64;452.92;715.30;378.54;429.96;750.36;0.496
837;240;259;67.249;69.144;0.028178;1;321.64;452.92;715.30;311.85;404.45;761.18;0.680
838;241;249;74.217;84.461;0.138026;1;452.47;227.39;720.58;416.90;170.42;753.58;0.441
839;241;265;70.784;110.936;0.567245;1;452.47;227.39;720.58;450.78;228.95;791.16;0.999
840;242;252;72.723;84.717;0.164940;1;285.07;336.59;732.13;248.48;276.94;751.83;0.271
841;242;258;69.675;79.520;0.141299;1;285.07;336.59;732.13;243.93;384.77;763.14;0.440
842;242;262;73.047;116.540;0.595424;1;285.07;336.59;732.13;341.46;339.50;777.33;0.625
843;243;255;70.309;103.297;0.469189;1;392.94;331.71;734.78;457.74;320.74;761.81;0.380
844;243;262;67.217;61.314;-0.087831;1;392.94;331.71;734.78;341.46;339.50;777.33;0.633
845;243;263;79.725;70.776;-0.112247;1;392.94;331.71;734.78;430.23;382.26;784.82;0.623
846;243;264;70.790;75.205;0.062374;1;392.94;331.71;734.78;403.40;277.54;779.85;0.633
847;244;260;74.391;73.952;-0.005899;1;130.91;237.01;741.36;199.52;220.99;763.49;0.300
848;245;246;66.927;69.609;0.040066;1;195.10;425.00;739.79;149.71;375.68;738.24;-0.023
849;245;247;69.476;70.862;0.019951;1;195.10;425.00;739.79;259.60;450.34;746.57;0.097
850;245;258;67.365;49.056;-0.271789;1;195.10;425.00;739.79;243.93;384.77;763.14;0.346
851;245;267;68.544;109.262;0.594043;1;195.10;425.00;739.79;189.85;419.67;809.02;0.994
852;246;261;76.489;101.742;0.330149;1;149.71;375.68;738.24;166.39;307.47;768.94;0.401
853;246;266;67.957;111.681;0.643390;1;149.71;375.68;738.24;140.23;362.46;804.95;0.972
854;247;258;68.998;46.061;-0.332433;1;259.60;450.34;746.57;243.93;384.77;763.14;0.239
855;247;259;70.375;74.161;0.053803;1;259.60;450.34;746.57;311.85;404.45;761.18;0.206
856;247;269;75.480;44.017;-0.416840;1;259.60;450.34;746.57;297.51;451.08;812.73;0.868
857;248;249;68.902;71.700;0.040606;0;375.82;225.31;745.08;416.90;170.42;753.58;0.123
858;248;254;71.464;84.855;0.187376;1;375.82;225.31;745.08;334.50;169.73;762.07;0.238
859;248;257;69.396;72.722;0.047929;1;375.82;225.31;745.08;317.76;258.14;762.93;0.259
860;248;264;69.738;105.988;0.519809;1;375.82;225.31;745.08;403.40;277.54;779.85;0.507
861;248;279;77.286;85.794;0.110082;1;375.82;225.31;745.08;356.08;210.04;819.33;0.948
862;249;265;77.100;72.444;-0.060387;1;416.90;170.42;753.58;450.78;228.95;791.16;0.486
863;249;277;70.966;71.796;0.011683;1;416.90;170.42;753.58;417.99;176.35;824.99;0.996
864;250;259;71.896;69.268;-0.036553;1;378.54;429.96;750.36;311.85;404.45;761.18;0.150
865;250;263;77.719;75.653;-0.026577;1;378.54;429.96;750.36;430.23;382.26;784.82;0.440
866;250;272;73.004;55.636;-0.237902;1;378.54;429.96;750.36;368.46;400.50;817.37;0.907
867;251;253;73.626;69.672;-0.053710;1;201.05;144.54;752.16;270.37;117.15;756.72;0.061
868;251;256;76.402;80.467;0.053195;1;201.05;144.54;752.16;264.35;189.21;758.65;0.084
869;251;260;77.192;71.231;-0.077220;1;201.05;144.54;752.16;199.52;220.99;763.49;0.147
870;251;273;70.813;4.861;-0.931352;1;201.05;144.54;752.16;218.77;177.08;813.32;0.855
871;252;257;71.847;75.172;0.046272;1;248.48;276.94;751.83;317.76;258.14;762.93;0.153
872;252;260;75.289;83.759;0.112502;1;248.48;276.94;751.83;199.52;220.99;763.49;0.155
873;252;270;69.909;83.154;0.189460;1;248.48;276.94;751.83;211.64;270.40;811.94;0.849
874;252;271;72.210;81.954;0.134941;1;248.48;276.94;751.83;280.66;297.60;814.03;0.852
875;253;254;82.007;94.503;0.152380;1;270.37;117.15;756.72;334.50;169.73;762.07;0.064
876;253;256;71.898;97.071;0.350128;1;270.37;117.15;756.72;264.35;189.21;758.65;0.027
877;253;276;72.897;1.584;-0.978272;1;270.37;117.15;756.72;286.89;154.56;818.05;0.832
878;254;256;73.088;93.756;0.282790;0;334.50;169.73;762.07;264.35;189.21;758.65;-0.047
879;254;276;73.331;94.033;0.282310;1;334.50;169.73;762.07;286.89;154.56;818.05;0.746
880;254;278;73.425;2.916;-0.960281;1;334.50;169.73;762.07;361.04;132.92;821.21;0.793
881;254;279;72.417;1.400;-0.980672;1;334.50;169.73;762.07;356.08;210.04;819.33;0.781
882;255;263;71.272;115.157;0.615743;1;457.74;320.74;761.81;430.23;382.26;784.82;0.323
883;255;264;70.976;92.315;0.300653;1;457.74;320.74;761.81;403.40;277.54;779.85;0.252
884;255;282;70.686;97.343;0.377105;1;457.74;320.74;761.81;455.51;290.71;826.64;0.907
885;256;260;71.337;71.698;0.005061;0;264.35;189.21;758.65;199.52;220.99;763.49;0.067
886;256;273;70.166;80.991;0.154290;1;264.35;189.21;758.65;218.77;177.08;813.32;0.757
887;256;275;70.133;68.021;-0.030107;1;264.35;189.21;758.65;280.83;228.03;816.36;0.807
888;256;276;71.407;97.420;0.364285;1;264.35;189.21;758.65;286.89;154.56;818.05;0.821
889;257;271;72.905;14.914;-0.795440;1;317.76;258.14;762.93;280.66;297.60;814.03;0.686
890;257;275;70.429;32.748;-0.535022;1;317.76;258.14;762.93;280.83;228.03;816.36;0.746
891;257;280;72.315;93.408;0.291690;0;317.76;258.14;762.93;349.47;281.98;824.36;0.840
892;258;259;69.830;99.118;0.419409;1;243.93;384.77;763.14;311.85;404.45;761.18;-0.028
893;258;267;79.116;74.173;-0.062477;1;243.93;384.77;763.14;189.85;419.67;809.02;0.580
894;258;268;69.386;66.143;-0.046740;1;243.93;384.77;763.14;210.59;345.90;810.95;0.682
895;258;274;69.233;90.466;0.306702;1;243.93;384.77;763.14;287.97;366.45;815.34;0.738
896;259;262;72.852;109.779;0.506873;1;311.85;404.45;761.18;341.46;339.50;777.33;0.221
897;259;269;70.288;45.584;-0.351466;1;311.85;404.45;761.18;297.51;451.08;812.73;0.726
898;259;272;79.002;88.684;0.122564;1;311.85;404.45;761.18;368.46;400.50;817.37;0.704
899;259;274;68.963;85.051;0.233290;1;311.85;404.45;761.18;287.97;366.45;815.34;0.770
900;260;270;69.590;92.833;0.333987;1;199.52;220.99;763.49;211.64;270.40;811.94;0.690
901;260;273;68.718;71.249;0.036822;1;199.52;220.99;763.49;218.77;177.08;813.32;0.721
902;261;266;69.779;124.163;0.779374;1;166.39;307.47;768.94;140.23;362.46;804.95;0.509
903;261;268;70.493;104.405;0.481075;1;166.39;307.47;768.94;210.59;345.90;810.95;0.583
904;261;270;71.766;74.173;0.033549;1;166.39;307.47;768.94;211.64;270.40;811.94;0.592
905;262;271;81.720;73.248;-0.103679;1;341.46;339.50;777.33;280.66;297.60;814.03;0.445
906;262;272;76.810;87.167;0.134840;1;341.46;339.50;777.33;368.46;400.50;817.37;0.515
907;262;274;70.457;38.030;-0.460236;1;341.46;339.50;777.33;287.97;366.45;815.34;0.536
908;262;280;73.633;64.170;-0.128514;1;341.46;339.50;777.33;349.47;281.98;824.36;0.629
909;262;281;72.790;64.754;-0.110403;1;341.46;339.50;777.33;399.23;332.39;822.03;0.609
910;263;272;70.942;41.697;-0.412243;1;430.23;382.26;784.82;368.46;400.50;817.37;0.451
911;263;281;68.409;96.110;0.404934;1;430.23;382.26;784.82;399.23;332.39;822.03;0.535
912;264;265;68.216;77.005;0.128836;1;403.40;277.54;779.85;450.78;228.95;791.16;0.164
913;264;280;69.108;0.706;-0.989782;1;403.40;277.54;779.85;349.47;281.98;824.36;0.635
914;264;281;67.807;0.558;-0.991770;1;403.40;277.54;779.85;399.23;332.39;822.03;0.608
915;264;282;69.935;127.891;0.828704;1;403.40;277.54;779.85;455.51;290.71;826.64;0.657
916;265;277;70.775;68.985;-0.025297;1;450.78;228.95;791.16;417.99;176.35;824.99;0.479
917;265;282;71.073;106.095;0.492768;1;450.78;228.95;791.16;455.51;290.71;826.64;0.497
918;266;267;75.309;76.829;0.020196;1;140.23;362.46;804.95;189.85;419.67;809.02;0.054
919;266;268;71.999;83.045;0.153415;1;140.23;362.46;804.95;210.59;345.90;810.95;0.083
920;267;268;76.739;9.940;-0.870472;1;189.85;419.67;809.02;210.59;345.90;810.95;0.025
921;268;270;75.363;89.541;0.188124;1;210.59;345.90;810.95;211.64;270.40;811.94;0.013
922;270;271;74.673;68.040;-0.088819;1;211.64;270.40;811.94;280.66;297.60;814.03;0.028
923;270;275;81.193;83.351;0.026584;1;211.64;270.40;811.94;280.83;228.03;816.36;0.054
924;271;274;69.187;96.460;0.394193;1;280.66;297.60;814.03;287.97;366.45;815.34;0.019
925;271;275;69.676;35.315;-0.493161;0;280.66;297.60;814.03;280.83;228.03;816.36;0.034
926;271;280;71.026;96.558;0.359463;1;280.66;297.60;814.03;349.47;281.98;824.36;0.145
927;272;281;75.479;89.705;0.188486;1;368.46;400.50;817.37;399.23;332.39;822.03;0.062
928;273;276;71.367;67.479;-0.054491;1;218.77;177.08;813.32;286.89;154.56;818.05;0.066
929;275;276;73.712;117.172;0.589600;1;280.83;228.03;816.36;286.89;154.56;818.05;0.023
930;276;278;77.107;92.193;0.195641;1;286.89;154.56;818.05;361.04;132.92;821.21;0.041
931;277;278;70.697;80.875;0.143966;1;417.99;176.35;824.99;361.04;132.92;821.21;-0.053
932;277;279;70.066;80.483;0.148666;1;417.99;176.35;824.99;356.08;210.04;819.33;-0.080
933;278;279;77.712;1.947;-0.974945;1;361.04;132.92;821.21;356.08;210.04;819.33;-0.024
934;279;280;72.446;141.615;0.954754;1;356.08;210.04;819.33;349.47;281.98;824.36;0.070
935;280;281;70.330;0.858;-0.987805;1;349.47;281.98;824.36;399.23;332.39;822.03;-0.033
936;281;282;69.498;127.905;0.840405;1;399.23;332.39;822.03;455.51;290.71;826.64;0.066
