bond_id;labelA;labelB;cx_A;cy_A;cz_A;cx_B;cy_B;cz_B;dist_vox;dist_um
0;1;2;240.04;144.85;36.68;200.06;207.63;35.10;74.447;1843.8
1;1;8;240.04;144.85;36.68;270.24;209.02;48.76;71.939;1781.6
2;1;9;240.04;144.85;36.68;309.35;118.53;52.48;75.805;1877.4
3;1;22;240.04;144.85;36.68;197.50;165.06;90.28;71.350;1767.0
4;1;25;240.04;144.85;36.68;262.64;135.89;103.69;71.278;1765.3
5;2;8;200.06;207.63;35.10;270.24;209.02;48.76;71.515;1771.1
6;2;15;200.06;207.63;35.10;133.04;190.90;65.96;75.652;1873.6
7;2;17;200.06;207.63;35.10;228.65;256.98;77.38;70.999;1758.4
8;2;22;200.06;207.63;35.10;197.50;165.06;90.28;69.743;1727.3
9;3;10;196.21;304.22;36.86;249.61;345.20;55.35;69.808;1728.9
10;3;17;196.21;304.22;36.86;228.65;256.98;77.38;70.187;1738.3
11;3;20;196.21;304.22;36.86;163.21;271.69;88.62;69.470;1720.5
12;3;28;196.21;304.22;36.86;195.32;332.99;103.95;73.010;1808.2
13;4;12;356.30;362.94;37.75;347.64;432.09;59.51;73.010;1808.2
14;4;14;356.30;362.94;37.75;411.53;402.73;62.96;72.588;1797.7
15;4;21;356.30;362.94;37.75;307.42;376.41;89.35;72.336;1791.5
16;4;29;356.30;362.94;37.75;375.14;363.31;106.05;70.850;1754.7
17;5;30;486.84;423.82;42.47;476.60;417.94;111.16;69.698;1726.1
18;6;12;297.95;482.67;40.08;347.64;432.09;59.51;73.519;1820.8
19;6;24;297.95;482.67;40.08;343.38;494.97;95.87;72.991;1807.7
20;6;27;297.95;482.67;40.08;292.44;444.89;98.76;70.003;1733.7
21;7;16;446.37;249.79;48.37;501.06;212.43;73.45;70.828;1754.1
22;7;19;446.37;249.79;48.37;415.11;302.56;85.04;71.458;1769.7
23;7;26;446.37;249.79;48.37;392.30;237.63;98.43;74.682;1849.6
24;7;35;446.37;249.79;48.37;460.40;248.87;120.99;73.969;1831.9
25;8;13;270.24;209.02;48.76;329.28;247.36;64.24;72.073;1785.0
26;8;17;270.24;209.02;48.76;228.65;256.98;77.38;69.635;1724.6
27;8;23;270.24;209.02;48.76;318.09;176.03;90.90;71.789;1777.9
28;8;33;270.24;209.02;48.76;252.14;201.82;115.79;69.802;1728.7
29;9;11;309.35;118.53;52.48;311.49;53.04;58.63;65.808;1629.8
30;9;23;309.35;118.53;52.48;318.09;176.03;90.90;69.706;1726.3
31;9;25;309.35;118.53;52.48;262.64;135.89;103.69;71.450;1769.5
32;10;21;249.61;345.20;55.35;307.42;376.41;89.35;73.971;1832.0
33;10;28;249.61;345.20;55.35;195.32;332.99;103.95;73.879;1829.7
34;10;36;249.61;345.20;55.35;261.44;307.14;113.41;70.419;1744.0
35;11;18;311.49;53.04;58.63;244.47;68.30;78.75;71.622;1773.8
36;12;14;347.64;432.09;59.51;411.53;402.73;62.96;70.400;1743.5
37;12;21;347.64;432.09;59.51;307.42;376.41;89.35;74.896;1854.9
38;12;24;347.64;432.09;59.51;343.38;494.97;95.87;72.759;1802.0
39;12;27;347.64;432.09;59.51;292.44;444.89;98.76;68.931;1707.1
40;12;38;347.64;432.09;59.51;385.17;433.18;120.37;71.514;1771.1
41;13;26;329.28;247.36;64.24;392.30;237.63;98.43;72.350;1791.8
42;13;32;329.28;247.36;64.24;352.65;297.09;111.25;72.317;1791.0
43;13;41;329.28;247.36;64.24;301.00;250.11;127.56;69.399;1718.7
44;14;29;411.53;402.73;62.96;375.14;363.31;106.05;68.817;1704.3
45;14;38;411.53;402.73;62.96;385.17;433.18;120.37;70.134;1736.9
46;15;22;133.04;190.90;65.96;197.50;165.06;90.28;73.579;1822.3
47;15;34;133.04;190.90;65.96;134.00;136.82;115.47;73.325;1816.0
48;15;37;133.04;190.90;65.96;73.33;194.25;114.35;76.933;1905.3
49;15;40;133.04;190.90;65.96;160.91;214.24;124.64;69.026;1709.5
50;16;35;501.06;212.43;73.45;460.40;248.87;120.99;72.405;1793.2
51;16;43;501.06;212.43;73.45;499.19;182.39;137.59;70.854;1754.8
52;17;20;228.65;256.98;77.38;163.21;271.69;88.62;68.007;1684.3
53;17;33;228.65;256.98;77.38;252.14;201.82;115.79;71.204;1763.4
54;17;36;228.65;256.98;77.38;261.44;307.14;113.41;69.925;1731.8
55;17;46;228.65;256.98;77.38;219.67;250.46;150.93;74.381;1842.1
56;18;25;244.47;68.30;78.75;262.64;135.89;103.69;74.299;1840.1
57;18;39;244.47;68.30;78.75;196.96;100.62;122.00;71.919;1781.1
58;19;26;415.11;302.56;85.04;392.30;237.63;98.43;70.117;1736.5
59;19;29;415.11;302.56;85.04;375.14;363.31;106.05;75.692;1874.6
60;19;31;415.11;302.56;85.04;468.51;346.55;101.19;71.042;1759.4
61;19;32;415.11;302.56;85.04;352.65;297.09;111.25;67.964;1683.2
62;19;35;415.11;302.56;85.04;460.40;248.87;120.99;78.908;1954.2
63;19;45;415.11;302.56;85.04;422.91;329.86;151.23;72.019;1783.6
64;20;28;163.21;271.69;88.62;195.32;332.99;103.95;70.879;1755.4
65;20;40;163.21;271.69;88.62;160.91;214.24;124.64;67.845;1680.2
66;20;58;163.21;271.69;88.62;157.45;285.51;161.90;74.795;1852.4
67;21;27;307.42;376.41;89.35;292.44;444.89;98.76;70.732;1751.7
68;21;29;307.42;376.41;89.35;375.14;363.31;106.05;70.964;1757.5
69;21;47;307.42;376.41;89.35;334.36;395.34;150.39;69.354;1717.6
70;22;25;197.50;165.06;90.28;262.64;135.89;103.69;72.623;1798.6
71;22;33;197.50;165.06;90.28;252.14;201.82;115.79;70.632;1749.3
72;22;34;197.50;165.06;90.28;134.00;136.82;115.47;73.918;1830.7
73;22;39;197.50;165.06;90.28;196.96;100.62;122.00;71.825;1778.8
74;22;40;197.50;165.06;90.28;160.91;214.24;124.64;70.274;1740.4
75;22;57;197.50;165.06;90.28;181.79;160.10;160.90;72.513;1795.9
76;23;25;318.09;176.03;90.90;262.64;135.89;103.69;69.637;1724.6
77;23;33;318.09;176.03;90.90;252.14;201.82;115.79;75.059;1858.9
78;23;44;318.09;176.03;90.90;331.24;139.72;150.28;70.828;1754.1
79;24;27;343.38;494.97;95.87;292.44;444.89;98.76;71.492;1770.6
80;24;38;343.38;494.97;95.87;385.17;433.18;120.37;78.512;1944.4
81;24;48;343.38;494.97;95.87;387.81;496.38;150.31;70.281;1740.6
82;24;53;343.38;494.97;95.87;325.27;465.03;156.88;70.333;1741.9
83;25;33;262.64;135.89;103.69;252.14;201.82;115.79;67.850;1680.4
84;25;39;262.64;135.89;103.69;196.96;100.62;122.00;76.770;1901.3
85;25;44;262.64;135.89;103.69;331.24;139.72;150.28;83.014;2055.9
86;25;54;262.64;135.89;103.69;281.04;89.67;161.56;76.320;1890.1
87;26;32;392.30;237.63;98.43;352.65;297.09;111.25;72.611;1798.3
88;26;35;392.30;237.63;98.43;460.40;248.87;120.99;72.621;1798.5
89;26;50;392.30;237.63;98.43;355.12;210.85;154.25;72.215;1788.5
90;27;53;292.44;444.89;98.76;325.27;465.03;156.88;69.726;1726.8
91;27;56;292.44;444.89;98.76;260.26;428.35;162.46;73.265;1814.5
92;28;36;195.32;332.99;103.95;261.44;307.14;113.41;71.620;1773.7
93;28;42;195.32;332.99;103.95;175.17;399.95;129.55;74.458;1844.0
94;28;58;195.32;332.99;103.95;157.45;285.51;161.90;83.945;2079.0
95;28;62;195.32;332.99;103.95;218.56;320.76;171.14;72.142;1786.7
96;29;32;375.14;363.31;106.05;352.65;297.09;111.25;70.127;1736.8
97;29;38;375.14;363.31;106.05;385.17;433.18;120.37;72.031;1783.9
98;29;45;375.14;363.31;106.05;422.91;329.86;151.23;73.765;1826.9
99;29;47;375.14;363.31;106.05;334.36;395.34;150.39;68.227;1689.7
100;30;31;476.60;417.94;111.16;468.51;346.55;101.19;72.537;1796.4
101;30;59;476.60;417.94;111.16;433.35;402.04;165.24;71.054;1759.7
102;31;45;468.51;346.55;101.19;422.91;329.86;151.23;69.723;1726.8
103;31;49;468.51;346.55;101.19;504.69;319.57;154.31;69.697;1726.1
104;32;41;352.65;297.09;111.25;301.00;250.11;127.56;71.694;1775.6
105;32;60;352.65;297.09;111.25;309.86;307.48;167.17;71.173;1762.7
106;33;41;252.14;201.82;115.79;301.00;250.11;127.56;69.693;1726.0
107;33;46;252.14;201.82;115.79;219.67;250.46;150.93;68.233;1689.9
108;33;63;252.14;201.82;115.79;247.29;167.83;176.88;70.076;1735.5
109;34;39;134.00;136.82;115.47;196.96;100.62;122.00;72.923;1806.0
110;34;57;134.00;136.82;115.47;181.79;160.10;160.90;69.925;1731.8
111;34;61;134.00;136.82;115.47;116.20;181.82;172.40;74.713;1850.3
112;35;43;460.40;248.87;120.99;499.19;182.39;137.59;78.737;1950.0
113;35;55;460.40;248.87;120.99;520.16;251.30;159.79;71.293;1765.6
114;36;41;261.44;307.14;113.41;301.00;250.11;127.56;70.838;1754.4
115;36;46;261.44;307.14;113.41;219.67;250.46;150.93;79.782;1975.9
116;36;60;261.44;307.14;113.41;309.86;307.48;167.17;72.352;1791.9
117;36;62;261.44;307.14;113.41;218.56;320.76;171.14;73.189;1812.6
118;37;51;73.33;194.25;114.35;87.30;252.30;154.56;71.982;1782.7
119;37;61;73.33;194.25;114.35;116.20;181.82;172.40;73.221;1813.4
120;38;47;385.17;433.18;120.37;334.36;395.34;150.39;70.101;1736.1
121;38;48;385.17;433.18;120.37;387.81;496.38;150.31;69.979;1733.1
122;38;53;385.17;433.18;120.37;325.27;465.03;156.88;77.037;1907.9
123;38;59;385.17;433.18;120.37;433.35;402.04;165.24;72.830;1803.7
124;39;57;196.96;100.62;122.00;181.79;160.10;160.90;72.668;1799.7
125;39;64;196.96;100.62;122.00;215.30;103.56;189.36;69.873;1730.5
126;40;46;160.91;214.24;124.64;219.67;250.46;150.93;73.860;1829.2
127;40;57;160.91;214.24;124.64;181.79;160.10;160.90;68.428;1694.7
128;40;61;160.91;214.24;124.64;116.20;181.82;172.40;73.019;1808.4
129;40;66;160.91;214.24;124.64;170.33;222.58;193.44;69.943;1732.2
130;41;50;301.00;250.11;127.56;355.12;210.85;154.25;71.992;1783.0
131;41;60;301.00;250.11;127.56;309.86;307.48;167.17;70.282;1740.6
132;41;67;301.00;250.11;127.56;307.30;241.54;195.02;68.292;1691.3
133;42;52;175.17;399.95;129.55;126.17;351.96;156.16;73.563;1821.9
134;43;55;499.19;182.39;137.59;520.16;251.30;159.79;75.366;1866.5
135;44;50;331.24;139.72;150.28;355.12;210.85;154.25;75.134;1860.8
136;44;54;331.24;139.72;150.28;281.04;89.67;161.56;71.783;1777.8
137;44;70;331.24;139.72;150.28;382.63;141.92;207.01;76.579;1896.6
138;44;71;331.24;139.72;150.28;307.13;173.62;208.80;71.793;1778.0
139;45;59;422.91;329.86;151.23;433.35;402.04;165.24;74.262;1839.2
140;45;65;422.91;329.86;151.23;378.55;277.80;188.23;77.760;1925.8
141;46;58;219.67;250.46;150.93;157.45;285.51;161.90;72.244;1789.2
142;46;62;219.67;250.46;150.93;218.56;320.76;171.14;73.154;1811.7
143;46;66;219.67;250.46;150.93;170.33;222.58;193.44;70.846;1754.6
144;46;75;219.67;250.46;150.93;239.24;225.83;214.04;70.520;1746.5
145;47;53;334.36;395.34;150.39;325.27;465.03;156.88;70.573;1747.8
146;47;68;334.36;395.34;150.39;378.51;410.75;204.67;71.648;1774.4
147;47;73;334.36;395.34;150.39;311.69;418.39;212.24;69.791;1728.4
148;48;53;387.81;496.38;150.31;325.27;465.03;156.88;70.263;1740.1
149;48;77;387.81;496.38;150.31;357.41;475.33;216.24;75.590;1872.1
150;49;55;504.69;319.57;154.31;520.16;251.30;159.79;70.218;1739.0
151;49;80;504.69;319.57;154.31;519.44;298.58;223.34;73.647;1824.0
152;50;65;355.12;210.85;154.25;378.55;277.80;188.23;78.652;1947.9
153;50;67;355.12;210.85;154.25;307.30;241.54;195.02;69.936;1732.0
154;50;84;355.12;210.85;154.25;367.08;220.05;228.61;75.882;1879.3
155;51;58;87.30;252.30;154.56;157.45;285.51;161.90;77.964;1930.9
156;51;61;87.30;252.30;154.56;116.20;181.82;172.40;78.238;1937.6
157;51;76;87.30;252.30;154.56;108.00;253.84;221.20;69.794;1728.5
158;52;58;126.17;351.96;156.16;157.45;285.51;161.90;73.668;1824.5
159;52;79;126.17;351.96;156.16;117.84;324.21;222.86;72.724;1801.1
160;53;56;325.27;465.03;156.88;260.26;428.35;162.46;74.853;1853.8
161;53;73;325.27;465.03;156.88;311.69;418.39;212.24;73.644;1823.9
162;53;74;325.27;465.03;156.88;277.86;486.95;213.31;76.892;1904.3
163;53;77;325.27;465.03;156.88;357.41;475.33;216.24;68.280;1691.0
164;54;64;281.04;89.67;161.56;215.30;103.56;189.36;72.719;1801.0
165;54;83;281.04;89.67;161.56;311.18;106.26;229.11;75.801;1877.3
166;56;69;260.26;428.35;162.46;191.39;415.23;207.71;83.439;2066.4
167;56;73;260.26;428.35;162.46;311.69;418.39;212.24;72.264;1789.7
168;56;74;260.26;428.35;162.46;277.86;486.95;213.31;79.557;1970.3
169;57;61;181.79;160.10;160.90;116.20;181.82;172.40;70.045;1734.7
170;57;63;181.79;160.10;160.90;247.29;167.83;176.88;67.864;1680.7
171;57;64;181.79;160.10;160.90;215.30;103.56;189.36;71.619;1773.7
172;57;66;181.79;160.10;160.90;170.33;222.58;193.44;71.376;1767.7
173;57;82;181.79;160.10;160.90;200.50;161.29;227.22;68.918;1706.8
174;58;62;157.45;285.51;161.90;218.56;320.76;171.14;71.150;1762.1
175;58;66;157.45;285.51;161.90;170.33;222.58;193.44;71.563;1772.3
176;58;81;157.45;285.51;161.90;191.81;283.20;226.16;72.898;1805.4
177;59;68;433.35;402.04;165.24;378.51;410.75;204.67;68.104;1686.7
178;60;65;309.86;307.48;167.17;378.55;277.80;188.23;77.729;1925.0
179;60;67;309.86;307.48;167.17;307.30;241.54;195.02;71.620;1773.7
180;60;85;309.86;307.48;167.17;332.64;308.77;233.54;70.175;1738.0
181;61;66;116.20;181.82;172.40;170.33;222.58;193.44;70.953;1757.2
182;61;88;116.20;181.82;172.40;134.62;181.28;241.01;71.047;1759.6
183;62;81;218.56;320.76;171.14;191.81;283.20;226.16;71.784;1777.8
184;62;87;218.56;320.76;171.14;249.01;327.81;232.64;68.978;1708.3
185;63;64;247.29;167.83;176.88;215.30;103.56;189.36;72.867;1804.6
186;63;71;247.29;167.83;176.88;307.13;173.62;208.80;68.061;1685.6
187;63;75;247.29;167.83;176.88;239.24;225.83;214.04;69.357;1717.7
188;63;82;247.29;167.83;176.88;200.50;161.29;227.22;69.037;1709.8
189;64;82;215.30;103.56;189.36;200.50;161.29;227.22;70.600;1748.5
190;64;91;215.30;103.56;189.36;242.87;109.36;254.99;71.420;1768.8
191;65;67;378.55;277.80;188.23;307.30;241.54;195.02;80.232;1987.0
192;65;78;378.55;277.80;188.23;436.63;231.00;218.28;80.422;1991.7
193;65;84;378.55;277.80;188.23;367.08;220.05;228.61;71.398;1768.2
194;65;85;378.55;277.80;188.23;332.64;308.77;233.54;71.550;1772.0
195;66;75;170.33;222.58;193.44;239.24;225.83;214.04;72.003;1783.2
196;66;76;170.33;222.58;193.44;108.00;253.84;221.20;75.053;1858.8
197;66;81;170.33;222.58;193.44;191.81;283.20;226.16;72.162;1787.2
198;66;82;170.33;222.58;193.44;200.50;161.29;227.22;76.209;1887.4
199;66;88;170.33;222.58;193.44;134.62;181.28;241.01;72.415;1793.4
200;66;99;170.33;222.58;193.44;189.90;223.48;264.25;73.467;1819.5
201;67;71;307.30;241.54;195.02;307.13;173.62;208.80;69.308;1716.5
202;67;75;307.30;241.54;195.02;239.24;225.83;214.04;72.392;1792.9
203;67;84;307.30;241.54;195.02;367.08;220.05;228.61;71.867;1779.9
204;67;92;307.30;241.54;195.02;278.47;269.63;251.76;69.578;1723.2
205;68;73;378.51;410.75;204.67;311.69;418.39;212.24;67.678;1676.1
206;68;77;378.51;410.75;204.67;357.41;475.33;216.24;68.917;1706.8
207;68;95;378.51;410.75;204.67;408.07;455.58;256.97;74.954;1856.3
208;69;89;191.39;415.23;207.71;184.33;352.87;245.40;73.210;1813.1
209;69;94;191.39;415.23;207.71;241.52;392.68;257.58;74.222;1838.2
210;69;107;191.39;415.23;207.71;178.68;416.81;282.58;75.963;1881.3
211;70;72;382.63;141.92;207.01;446.00;115.99;198.24;69.023;1709.4
212;70;90;382.63;141.92;207.01;406.85;84.04;250.17;76.156;1886.1
213;70;96;382.63;141.92;207.01;415.47;175.65;259.27;70.334;1741.9
214;70;104;382.63;141.92;207.01;361.71;131.68;274.66;71.554;1772.1
215;71;83;307.13;173.62;208.80;311.18;106.26;229.11;70.467;1745.2
216;71;84;307.13;173.62;208.80;367.08;220.05;228.61;78.384;1941.3
217;71;100;307.13;173.62;208.80;319.64;191.56;274.24;68.999;1708.8
218;72;90;446.00;115.99;198.24;406.85;84.04;250.17;72.459;1794.5
219;72;93;446.00;115.99;198.24;474.34;143.84;251.65;66.561;1648.5
220;73;74;311.69;418.39;212.24;277.86;486.95;213.31;76.451;1893.4
221;73;77;311.69;418.39;212.24;357.41;475.33;216.24;73.125;1811.0
222;73;106;311.69;418.39;212.24;324.71;430.40;283.45;73.381;1817.4
223;74;102;277.86;486.95;213.31;319.01;502.74;268.59;70.691;1750.7
224;75;81;239.24;225.83;214.04;191.81;283.20;226.16;75.422;1867.9
225;75;82;239.24;225.83;214.04;200.50;161.29;227.22;76.426;1892.8
226;75;92;239.24;225.83;214.04;278.47;269.63;251.76;69.857;1730.1
227;75;99;239.24;225.83;214.04;189.90;223.48;264.25;70.431;1744.3
228;75;103;239.24;225.83;214.04;249.32;180.66;271.49;73.775;1827.1
229;76;79;108.00;253.84;221.20;117.84;324.21;222.86;71.068;1760.1
230;76;88;108.00;253.84;221.20;134.62;181.28;241.01;79.797;1976.3
231;76;101;108.00;253.84;221.20;52.54;258.69;269.46;73.682;1824.8
232;76;108;108.00;253.84;221.20;122.45;239.11;287.63;69.568;1722.9
233;77;95;357.41;475.33;216.24;408.07;455.58;256.97;67.935;1682.5
234;77;102;357.41;475.33;216.24;319.01;502.74;268.59;70.471;1745.3
235;78;84;436.63;231.00;218.28;367.08;220.05;228.61;71.159;1762.3
236;78;96;436.63;231.00;218.28;415.47;175.65;259.27;72.048;1784.3
237;78;105;436.63;231.00;218.28;453.68;274.52;271.33;70.696;1750.9
238;79;89;117.84;324.21;222.86;184.33;352.87;245.40;75.833;1878.1
239;79;109;117.84;324.21;222.86;132.35;345.37;289.76;71.656;1774.6
240;81;87;191.81;283.20;226.16;249.01;327.81;232.64;72.830;1803.7
241;81;89;191.81;283.20;226.16;184.33;352.87;245.40;72.660;1799.5
242;81;99;191.81;283.20;226.16;189.90;223.48;264.25;70.859;1754.9
243;81;111;191.81;283.20;226.16;187.74;293.37;298.37;73.037;1808.8
244;82;88;200.50;161.29;227.22;134.62;181.28;241.01;70.213;1738.9
245;82;91;200.50;161.29;227.22;242.87;109.36;254.99;72.548;1796.7
246;82;99;200.50;161.29;227.22;189.90;223.48;264.25;73.159;1811.9
247;82;103;200.50;161.29;227.22;249.32;180.66;271.49;68.697;1701.4
248;83;91;311.18;106.26;229.11;242.87;109.36;254.99;73.110;1810.6
249;83;104;311.18;106.26;229.11;361.71;131.68;274.66;72.625;1798.6
250;84;96;367.08;220.05;228.61;415.47;175.65;259.27;72.474;1794.9
251;84;100;367.08;220.05;228.61;319.64;191.56;274.24;71.726;1776.4
252;84;110;367.08;220.05;228.61;339.96;257.67;284.18;72.377;1792.5
253;85;92;332.64;308.77;233.54;278.47;269.63;251.76;69.274;1715.6
254;85;97;332.64;308.77;233.54;396.39;316.07;262.08;70.228;1739.3
255;85;110;332.64;308.77;233.54;339.96;257.67;284.18;72.321;1791.1
256;87;89;249.01;327.81;232.64;184.33;352.87;245.40;70.529;1746.7
257;87;92;249.01;327.81;232.64;278.47;269.63;251.76;67.960;1683.1
258;87;94;249.01;327.81;232.64;241.52;392.68;257.58;69.894;1731.0
259;87;112;249.01;327.81;232.64;263.73;318.10;300.39;70.009;1733.9
260;88;99;134.62;181.28;241.01;189.90;223.48;264.25;73.331;1816.1
261;88;108;134.62;181.28;241.01;122.45;239.11;287.63;75.277;1864.3
262;88;113;134.62;181.28;241.01;154.38;176.40;310.71;72.609;1798.2
263;89;94;184.33;352.87;245.40;241.52;392.68;257.58;70.738;1751.9
264;89;107;184.33;352.87;245.40;178.68;416.81;282.58;74.177;1837.1
265;89;109;184.33;352.87;245.40;132.35;345.37;289.76;68.748;1702.6
266;89;120;184.33;352.87;245.40;211.22;362.06;315.31;75.458;1868.8
267;90;104;406.85;84.04;250.17;361.71;131.68;274.66;70.044;1734.7
268;91;103;242.87;109.36;254.99;249.32;180.66;271.49;73.469;1819.5
269;91;118;242.87;109.36;254.99;210.72;134.43;315.48;72.951;1806.7
270;91;119;242.87;109.36;254.99;278.94;117.38;315.21;70.654;1749.8
271;92;110;278.47;269.63;251.76;339.96;257.67;284.18;70.537;1746.9
272;92;112;278.47;269.63;251.76;263.73;318.10;300.39;70.213;1738.9
273;92;116;278.47;269.63;251.76;261.92;238.49;312.15;69.927;1731.8
274;93;96;474.34;143.84;251.65;415.47;175.65;259.27;67.345;1667.9
275;93;121;474.34;143.84;251.65;494.98;173.58;314.32;72.379;1792.5
276;94;107;241.52;392.68;257.58;178.68;416.81;282.58;71.816;1778.6
277;94;120;241.52;392.68;257.58;211.22;362.06;315.31;72.033;1784.0
278;94;122;241.52;392.68;257.58;272.51;392.89;322.31;71.771;1777.5
279;95;115;408.07;455.58;256.97;375.65;491.01;311.78;72.872;1804.8
280;96;104;415.47;175.65;259.27;361.71;131.68;274.66;71.145;1762.0
281;96;114;415.47;175.65;259.27;442.74;217.14;306.38;68.444;1695.1
282;96;124;415.47;175.65;259.27;381.87;186.30;325.17;74.736;1850.9
283;97;105;396.39;316.07;262.08;453.68;274.52;271.33;71.373;1767.6
284;97;110;396.39;316.07;262.08;339.96;257.67;284.18;84.163;2084.4
285;97;117;396.39;316.07;262.08;346.08;325.95;313.92;72.911;1805.7
286;97;123;396.39;316.07;262.08;395.71;273.57;322.25;73.669;1824.5
287;99;103;189.90;223.48;264.25;249.32;180.66;271.49;73.600;1822.8
288;99;108;189.90;223.48;264.25;122.45;239.11;287.63;73.082;1809.9
289;99;111;189.90;223.48;264.25;187.74;293.37;298.37;77.798;1926.7
290;99;113;189.90;223.48;264.25;154.38;176.40;310.71;75.082;1859.5
291;99;125;189.90;223.48;264.25;195.03;228.81;333.78;69.929;1731.9
292;100;103;319.64;191.56;274.24;249.32;180.66;271.49;71.210;1763.6
293;100;104;319.64;191.56;274.24;361.71;131.68;274.66;73.184;1812.5
294;100;110;319.64;191.56;274.24;339.96;257.67;284.18;69.874;1730.5
295;100;124;319.64;191.56;274.24;381.87;186.30;325.17;80.584;1995.8
296;100;129;319.64;191.56;274.24;297.64;183.76;340.64;70.387;1743.2
297;101;108;52.54;258.69;269.46;122.45;239.11;287.63;74.842;1853.5
298;102;106;319.01;502.74;268.59;324.71;430.40;283.45;74.063;1834.3
299;102;115;319.01;502.74;268.59;375.65;491.01;311.78;72.192;1787.9
300;103;116;249.32;180.66;271.49;261.92;238.49;312.15;71.801;1778.2
301;103;118;249.32;180.66;271.49;210.72;134.43;315.48;74.579;1847.0
302;103;119;249.32;180.66;271.49;278.94;117.38;315.21;82.422;2041.3
303;104;124;361.71;131.68;274.66;381.87;186.30;325.17;77.078;1908.9
304;104;130;361.71;131.68;274.66;342.41;129.26;342.03;70.119;1736.6
305;105;114;453.68;274.52;271.33;442.74;217.14;306.38;68.120;1687.1
306;105;123;453.68;274.52;271.33;395.71;273.57;322.25;77.162;1911.0
307;105;126;453.68;274.52;271.33;463.29;293.20;338.07;69.967;1732.8
308;106;115;324.71;430.40;283.45;375.65;491.01;311.78;84.081;2082.4
309;106;122;324.71;430.40;283.45;272.51;392.89;322.31;75.117;1860.4
310;106;133;324.71;430.40;283.45;342.50;391.60;341.43;71.993;1783.0
311;107;120;178.68;416.81;282.58;211.22;362.06;315.31;71.600;1773.2
312;107;128;178.68;416.81;282.58;227.03;446.43;336.77;78.438;1942.6
313;107;135;178.68;416.81;282.58;153.20;384.32;348.73;77.968;1931.0
314;108;113;122.45;239.11;287.63;154.38;176.40;310.71;74.057;1834.1
315;108;127;122.45;239.11;287.63;124.41;289.34;336.63;70.191;1738.4
316;109;111;132.35;345.37;289.76;187.74;293.37;298.37;76.464;1893.7
317;109;127;132.35;345.37;289.76;124.41;289.34;336.63;73.481;1819.8
318;109;135;132.35;345.37;289.76;153.20;384.32;348.73;73.676;1824.7
319;110;117;339.96;257.67;284.18;346.08;325.95;313.92;74.732;1850.8
320;110;123;339.96;257.67;284.18;395.71;273.57;322.25;69.360;1717.8
321;110;136;339.96;257.67;284.18;314.11;272.61;349.40;71.728;1776.4
322;111;112;187.74;293.37;298.37;263.73;318.10;300.39;79.942;1979.8
323;111;120;187.74;293.37;298.37;211.22;362.06;315.31;74.547;1846.2
324;111;125;187.74;293.37;298.37;195.03;228.81;333.78;73.995;1832.6
325;111;127;187.74;293.37;298.37;124.41;289.34;336.63;74.097;1835.1
326;111;137;187.74;293.37;298.37;227.96;286.32;352.60;67.883;1681.2
327;112;120;263.73;318.10;300.39;211.22;362.06;315.31;70.095;1736.0
328;112;137;263.73;318.10;300.39;227.96;286.32;352.60;70.821;1753.9
329;112;138;263.73;318.10;300.39;276.99;333.25;367.68;70.247;1739.7
330;113;118;154.38;176.40;310.71;210.72;134.43;315.48;70.419;1744.0
331;113;125;154.38;176.40;310.71;195.03;228.81;333.78;70.220;1739.1
332;114;121;442.74;217.14;306.38;494.98;173.58;314.32;68.475;1695.9
333;114;123;442.74;217.14;306.38;395.71;273.57;322.25;75.152;1861.2
334;114;124;442.74;217.14;306.38;381.87;186.30;325.17;70.778;1752.9
335;114;139;442.74;217.14;306.38;433.81;201.51;375.81;71.720;1776.2
336;116;125;261.92;238.49;312.15;195.03;228.81;333.78;70.964;1757.5
337;116;129;261.92;238.49;312.15;297.64;183.76;340.64;71.296;1765.7
338;116;136;261.92;238.49;312.15;314.11;272.61;349.40;72.638;1798.9
339;116;137;261.92;238.49;312.15;227.96;286.32;352.60;71.263;1764.9
340;116;142;261.92;238.49;312.15;246.74;214.43;376.08;69.981;1733.1
341;117;123;346.08;325.95;313.92;395.71;273.57;322.25;72.644;1799.1
342;117;133;346.08;325.95;313.92;342.50;391.60;341.43;71.269;1765.0
343;117;134;346.08;325.95;313.92;410.41;341.63;347.07;74.045;1833.8
344;117;136;346.08;325.95;313.92;314.11;272.61;349.40;71.593;1773.1
345;117;147;346.08;325.95;313.92;342.16;338.93;385.23;72.589;1797.7
346;118;119;210.72;134.43;315.48;278.94;117.38;315.21;70.321;1741.6
347;118;146;210.72;134.43;315.48;219.88;148.42;387.43;73.861;1829.3
348;119;129;278.94;117.38;315.21;297.64;183.76;340.64;73.503;1820.4
349;119;130;278.94;117.38;315.21;342.41;129.26;342.03;69.916;1731.5
350;119;144;278.94;117.38;315.21;288.96;127.77;382.16;68.488;1696.2
351;120;122;211.22;362.06;315.31;272.51;392.89;322.31;68.967;1708.0
352;120;135;211.22;362.06;315.31;153.20;384.32;348.73;70.558;1747.4
353;120;148;211.22;362.06;315.31;208.40;347.29;385.28;71.568;1772.4
354;121;140;494.98;173.58;314.32;511.86;211.91;372.98;72.077;1785.1
355;122;128;272.51;392.89;322.31;227.03;446.43;336.77;71.716;1776.1
356;122;133;272.51;392.89;322.31;342.50;391.60;341.43;72.563;1797.1
357;122;138;272.51;392.89;322.31;276.99;333.25;367.68;75.069;1859.2
358;122;149;272.51;392.89;322.31;261.74;396.68;394.95;73.533;1821.1
359;123;126;395.71;273.57;322.25;463.29;293.20;338.07;72.128;1786.3
360;123;134;395.71;273.57;322.25;410.41;341.63;347.07;73.917;1830.6
361;123;143;395.71;273.57;322.25;369.58;236.64;376.94;70.970;1757.6
362;124;130;381.87;186.30;325.17;342.41;129.26;342.03;71.385;1767.9
363;124;139;381.87;186.30;325.17;433.81;201.51;375.81;74.122;1835.7
364;124;143;381.87;186.30;325.17;369.58;236.64;376.94;73.244;1814.0
365;124;152;381.87;186.30;325.17;383.61;153.81;393.16;75.385;1867.0
366;125;137;195.03;228.81;333.78;227.96;286.32;352.60;68.894;1706.2
367;125;142;195.03;228.81;333.78;246.74;214.43;376.08;68.341;1692.5
368;125;145;195.03;228.81;333.78;138.98;233.99;377.47;71.255;1764.7
369;126;134;463.29;293.20;338.07;410.41;341.63;347.07;72.272;1789.9
370;126;154;463.29;293.20;338.07;465.93;265.38;402.85;70.555;1747.4
371;127;145;124.41;289.34;336.63;138.98;233.99;377.47;70.313;1741.4
372;127;153;124.41;289.34;336.63;131.64;316.11;402.17;71.170;1762.6
373;128;141;227.03;446.43;336.77;286.73;465.83;374.60;73.284;1815.0
374;128;149;227.03;446.43;336.77;261.74;396.68;394.95;84.045;2081.4
375;128;155;227.03;446.43;336.77;218.82;451.74;409.37;73.252;1814.2
376;129;130;297.64;183.76;340.64;342.41;129.26;342.03;70.545;1747.1
377;129;142;297.64;183.76;340.64;246.74;214.43;376.08;69.187;1713.5
378;129;144;297.64;183.76;340.64;288.96;127.77;382.16;70.240;1739.6
379;129;156;297.64;183.76;340.64;319.31;196.57;408.41;72.300;1790.6
380;130;144;342.41;129.26;342.03;288.96;127.77;382.16;66.850;1655.6
381;130;152;342.41;129.26;342.03;383.61;153.81;393.16;70.111;1736.4
382;131;134;442.48;401.87;339.77;410.41;341.63;347.07;68.632;1699.7
383;131;151;442.48;401.87;339.77;470.52;440.02;392.85;71.133;1761.7
384;131;160;442.48;401.87;339.77;460.25;371.41;408.53;77.272;1913.7
385;133;147;342.50;391.60;341.43;342.16;338.93;385.23;68.511;1696.7
386;133;157;342.50;391.60;341.43;329.60;407.94;410.35;71.998;1783.1
387;134;147;410.41;341.63;347.07;342.16;338.93;385.23;78.244;1937.8
388;134;158;410.41;341.63;347.07;400.33;298.80;405.22;72.920;1805.9
389;134;163;410.41;341.63;347.07;390.36;371.49;419.97;81.296;2013.4
390;135;148;153.20;384.32;348.73;208.40;347.29;385.28;75.864;1878.9
391;135;162;153.20;384.32;348.73;154.02;380.59;422.34;73.714;1825.6
392;136;138;314.11;272.61;349.40;276.99;333.25;367.68;73.410;1818.1
393;136;143;314.11;272.61;349.40;369.58;236.64;376.94;71.624;1773.8
394;136;147;314.11;272.61;349.40;342.16;338.93;385.23;80.429;1991.9
395;136;159;314.11;272.61;349.40;272.03;273.65;405.92;70.468;1745.2
396;137;138;227.96;286.32;352.60;276.99;333.25;367.68;69.529;1722.0
397;137;142;227.96;286.32;352.60;246.74;214.43;376.08;77.935;1930.1
398;137;148;227.96;286.32;352.60;208.40;347.29;385.28;71.877;1780.1
399;137;159;227.96;286.32;352.60;272.03;273.65;405.92;70.327;1741.7
400;137;161;227.96;286.32;352.60;205.00;257.14;411.63;69.735;1727.1
401;138;147;276.99;333.25;367.68;342.16;338.93;385.23;67.727;1677.3
402;138;148;276.99;333.25;367.68;208.40;347.29;385.28;72.186;1787.8
403;138;149;276.99;333.25;367.68;261.74;396.68;394.95;70.708;1751.2
404;138;159;276.99;333.25;367.68;272.03;273.65;405.92;70.983;1758.0
405;138;167;276.99;333.25;367.68;264.29;339.10;436.71;70.429;1744.2
406;139;143;433.81;201.51;375.81;369.58;236.64;376.94;73.216;1813.3
407;139;152;433.81;201.51;375.81;383.61;153.81;393.16;71.391;1768.1
408;139;154;433.81;201.51;375.81;465.93;265.38;402.85;76.431;1892.9
409;140;154;511.86;211.91;372.98;465.93;265.38;402.85;76.559;1896.1
410;141;149;286.73;465.83;374.60;261.74;396.68;394.95;76.291;1889.4
411;141;150;286.73;465.83;374.60;340.69;521.74;389.17;79.055;1957.9
412;141;155;286.73;465.83;374.60;218.82;451.74;409.37;77.580;1921.3
413;141;157;286.73;465.83;374.60;329.60;407.94;410.35;80.422;1991.7
414;141;169;286.73;465.83;374.60;283.45;478.69;443.97;70.623;1749.0
415;142;146;246.74;214.43;376.08;219.88;148.42;387.43;72.158;1787.1
416;142;156;246.74;214.43;376.08;319.31;196.57;408.41;81.421;2016.5
417;142;159;246.74;214.43;376.08;272.03;273.65;405.92;70.974;1757.7
418;142;161;246.74;214.43;376.08;205.00;257.14;411.63;69.497;1721.2
419;142;170;246.74;214.43;376.08;260.13;214.36;444.77;69.973;1733.0
420;143;156;369.58;236.64;376.94;319.31;196.57;408.41;71.578;1772.7
421;143;158;369.58;236.64;376.94;400.33;298.80;405.22;74.897;1854.9
422;143;166;369.58;236.64;376.94;335.80;286.33;432.75;82.011;2031.1
423;143;172;369.58;236.64;376.94;381.24;232.80;444.64;68.813;1704.2
424;144;146;288.96;127.77;382.16;219.88;148.42;387.43;72.298;1790.5
425;144;156;288.96;127.77;382.16;319.31;196.57;408.41;79.653;1972.7
426;144;171;288.96;127.77;382.16;278.13;144.16;448.66;69.338;1717.2
427;145;161;138.98;233.99;377.47;205.00;257.14;411.63;77.854;1928.1
428;145;165;138.98;233.99;377.47;174.58;194.30;424.27;70.935;1756.8
429;145;173;138.98;233.99;377.47;143.29;261.18;447.55;75.292;1864.7
430;146;165;219.88;148.42;387.43;174.58;194.30;424.27;74.257;1839.1
431;147;157;342.16;338.93;385.23;329.60;407.94;410.35;74.501;1845.1
432;147;158;342.16;338.93;385.23;400.33;298.80;405.22;73.436;1818.7
433;147;163;342.16;338.93;385.23;390.36;371.49;419.97;67.750;1677.9
434;147;166;342.16;338.93;385.23;335.80;286.33;432.75;71.170;1762.6
435;148;149;208.40;347.29;385.28;261.74;396.68;394.95;73.336;1816.2
436;148;162;208.40;347.29;385.28;154.02;380.59;422.34;73.760;1826.7
437;148;167;208.40;347.29;385.28;264.29;339.10;436.71;76.389;1891.8
438;148;174;208.40;347.29;385.28;188.76;315.98;446.76;71.737;1776.6
439;148;176;208.40;347.29;385.28;218.35;388.22;451.32;78.333;1940.0
440;149;155;261.74;396.68;394.95;218.82;451.74;409.37;71.277;1765.3
441;149;157;261.74;396.68;394.95;329.60;407.94;410.35;70.489;1745.7
442;149;167;261.74;396.68;394.95;264.29;339.10;436.71;71.174;1762.7
443;149;176;261.74;396.68;394.95;218.35;388.22;451.32;71.635;1774.1
444;149;182;261.74;396.68;394.95;284.83;404.46;474.71;83.400;2065.5
445;150;168;340.69;521.74;389.17;357.42;471.56;438.09;72.048;1784.3
446;151;160;470.52;440.02;392.85;460.25;371.41;408.53;71.118;1761.3
447;151;164;470.52;440.02;392.85;427.09;482.95;421.03;67.258;1665.7
448;152;156;383.61;153.81;393.16;319.31;196.57;408.41;78.721;1949.6
449;152;177;383.61;153.81;393.16;349.00;148.11;456.86;72.717;1800.9
450;153;162;131.64;316.11;402.17;154.02;380.59;422.34;71.171;1762.6
451;153;173;131.64;316.11;402.17;143.29;261.18;447.55;72.199;1788.1
452;153;174;131.64;316.11;402.17;188.76;315.98;446.76;72.461;1794.6
453;154;158;465.93;265.38;402.85;400.33;298.80;405.22;73.665;1824.4
454;154;175;465.93;265.38;402.85;479.58;316.14;449.93;70.572;1747.8
455;155;169;218.82;451.74;409.37;283.45;478.69;443.97;78.105;1934.3
456;155;176;218.82;451.74;409.37;218.35;388.22;451.32;76.124;1885.3
457;155;186;218.82;451.74;409.37;224.91;460.23;480.46;71.858;1779.6
458;156;170;319.31;196.57;408.41;260.13;214.36;444.77;71.695;1775.6
459;156;171;319.31;196.57;408.41;278.13;144.16;448.66;77.861;1928.3
460;156;172;319.31;196.57;408.41;381.24;232.80;444.64;80.377;1990.6
461;156;177;319.31;196.57;408.41;349.00;148.11;456.86;74.686;1849.7
462;156;184;319.31;196.57;408.41;323.26;212.41;479.40;72.842;1804.0
463;157;163;329.60;407.94;410.35;390.36;371.49;419.97;71.504;1770.9
464;157;168;329.60;407.94;410.35;357.42;471.56;438.09;74.779;1852.0
465;157;179;329.60;407.94;410.35;328.20;345.69;466.52;83.856;2076.8
466;157;182;329.60;407.94;410.35;284.83;404.46;474.71;78.479;1943.6
467;157;187;329.60;407.94;410.35;361.10;409.02;475.39;72.272;1789.9
468;158;163;400.33;298.80;405.22;390.36;371.49;419.97;74.835;1853.4
469;158;166;400.33;298.80;405.22;335.80;286.33;432.75;71.258;1764.8
470;158;172;400.33;298.80;405.22;381.24;232.80;444.64;79.219;1961.9
471;158;180;400.33;298.80;405.22;419.01;288.21;473.62;71.696;1775.6
472;159;161;272.03;273.65;405.92;205.00;257.14;411.63;69.269;1715.5
473;159;166;272.03;273.65;405.92;335.80;286.33;432.75;70.331;1741.8
474;159;167;272.03;273.65;405.92;264.29;339.10;436.71;72.744;1801.6
475;159;170;272.03;273.65;405.92;260.13;214.36;444.77;71.877;1780.1
476;159;181;272.03;273.65;405.92;281.17;276.02;475.64;70.361;1742.6
477;160;163;460.25;371.41;408.53;390.36;371.49;419.97;70.827;1754.1
478;160;175;460.25;371.41;408.53;479.58;316.14;449.93;71.712;1776.0
479;160;183;460.25;371.41;408.53;433.05;365.81;474.38;71.471;1770.1
480;161;165;205.00;257.14;411.63;174.58;194.30;424.27;70.950;1757.2
481;161;170;205.00;257.14;411.63;260.13;214.36;444.77;77.243;1913.0
482;161;173;205.00;257.14;411.63;143.29;261.18;447.55;71.521;1771.3
483;161;174;205.00;257.14;411.63;188.76;315.98;446.76;70.436;1744.4
484;161;188;205.00;257.14;411.63;215.88;255.04;480.80;70.054;1735.0
485;162;174;154.02;380.59;422.34;188.76;315.98;446.76;77.311;1914.7
486;162;176;154.02;380.59;422.34;218.35;388.22;451.32;70.967;1757.6
487;162;191;154.02;380.59;422.34;163.74;394.20;497.43;76.930;1905.2
488;163;179;390.36;371.49;419.97;328.20;345.69;466.52;81.828;2026.5
489;163;183;390.36;371.49;419.97;433.05;365.81;474.38;69.386;1718.4
490;163;187;390.36;371.49;419.97;361.10;409.02;475.39;73.044;1809.0
491;164;168;427.09;482.95;421.03;357.42;471.56;438.09;72.634;1798.9
492;164;185;427.09;482.95;421.03;436.86;434.14;473.76;72.515;1795.9
493;165;173;174.58;194.30;424.27;143.29;261.18;447.55;77.414;1917.2
494;166;172;335.80;286.33;432.75;381.24;232.80;444.64;71.223;1763.9
495;166;179;335.80;286.33;432.75;328.20;345.69;466.52;68.718;1701.9
496;166;181;335.80;286.33;432.75;281.17;276.02;475.64;70.216;1739.0
497;167;174;264.29;339.10;436.71;188.76;315.98;446.76;79.622;1971.9
498;167;176;264.29;339.10;436.71;218.35;388.22;451.32;68.818;1704.3
499;167;179;264.29;339.10;436.71;328.20;345.69;466.52;70.837;1754.3
500;167;181;264.29;339.10;436.71;281.17;276.02;475.64;76.026;1882.9
501;167;182;264.29;339.10;436.71;284.83;404.46;474.71;78.344;1940.3
502;167;194;264.29;339.10;436.71;234.81;333.78;501.51;71.385;1767.9
503;168;169;357.42;471.56;438.09;283.45;478.69;443.97;74.543;1846.1
504;168;187;357.42;471.56;438.09;361.10;409.02;475.39;72.913;1805.8
505;168;196;357.42;471.56;438.09;319.41;462.25;500.75;73.876;1829.6
506;168;197;357.42;471.56;438.09;389.62;473.42;506.15;75.315;1865.2
507;169;182;283.45;478.69;443.97;284.83;404.46;474.71;80.366;1990.3
508;169;186;283.45;478.69;443.97;224.91;460.23;480.46;71.412;1768.6
509;169;196;283.45;478.69;443.97;319.41;462.25;500.75;69.194;1713.7
510;170;171;260.13;214.36;444.77;278.13;144.16;448.66;72.581;1797.5
511;170;181;260.13;214.36;444.77;281.17;276.02;475.64;72.095;1785.5
512;170;184;260.13;214.36;444.77;323.26;212.41;479.40;72.033;1784.0
513;170;188;260.13;214.36;444.77;215.88;255.04;480.80;70.079;1735.6
514;171;177;278.13;144.16;448.66;349.00;148.11;456.86;71.451;1769.6
515;171;199;278.13;144.16;448.66;237.84;166.11;508.23;75.195;1862.3
516;171;205;278.13;144.16;448.66;292.88;117.63;523.47;80.738;1999.6
517;172;180;381.24;232.80;444.64;419.01;288.21;473.62;73.059;1809.4
518;172;184;381.24;232.80;444.64;323.26;212.41;479.40;70.615;1748.8
519;172;193;381.24;232.80;444.64;402.75;177.21;496.86;79.242;1962.5
520;172;198;381.24;232.80;444.64;362.06;259.82;505.38;69.191;1713.6
521;173;174;143.29;261.18;447.55;188.76;315.98;446.76;71.216;1763.7
522;173;188;143.29;261.18;447.55;215.88;255.04;480.80;80.076;1983.2
523;173;200;143.29;261.18;447.55;156.75;260.07;517.31;71.054;1759.7
524;174;176;188.76;315.98;446.76;218.35;388.22;451.32;78.191;1936.5
525;174;188;188.76;315.98;446.76;215.88;255.04;480.80;74.887;1854.7
526;174;194;188.76;315.98;446.76;234.81;333.78;501.51;73.720;1825.8
527;174;195;188.76;315.98;446.76;145.27;326.61;501.35;70.600;1748.5
528;175;180;479.58;316.14;449.93;419.01;288.21;473.62;70.774;1752.8
529;175;183;479.58;316.14;449.93;433.05;365.81;474.38;72.313;1790.9
530;175;201;479.58;316.14;449.93;513.12;307.81;513.49;72.349;1791.8
531;176;182;218.35;388.22;451.32;284.83;404.46;474.71;72.325;1791.2
532;176;186;218.35;388.22;451.32;224.91;460.23;480.46;77.962;1930.8
533;176;191;218.35;388.22;451.32;163.74;394.20;497.43;71.722;1776.3
534;176;194;218.35;388.22;451.32;234.81;333.78;501.51;75.852;1878.5
535;176;204;218.35;388.22;451.32;226.42;403.10;523.61;74.242;1838.7
536;177;184;349.00;148.11;456.86;323.26;212.41;479.40;72.840;1804.0
537;177;193;349.00;148.11;456.86;402.75;177.21;496.86;73.045;1809.0
538;179;182;328.20;345.69;466.52;284.83;404.46;474.71;73.497;1820.2
539;179;187;328.20;345.69;466.52;361.10;409.02;475.39;71.907;1780.9
540;179;203;328.20;345.69;466.52;374.59;327.83;516.26;70.311;1741.3
541;179;207;328.20;345.69;466.52;308.33;311.53;527.90;73.001;1807.9
542;179;208;328.20;345.69;466.52;324.97;385.29;532.38;76.917;1904.9
543;180;198;419.01;288.21;473.62;362.06;259.82;505.38;71.127;1761.5
544;180;203;419.01;288.21;473.62;374.59;327.83;516.26;73.219;1813.3
545;180;211;419.01;288.21;473.62;418.15;279.20;546.60;73.542;1821.3
546;181;184;281.17;276.02;475.64;323.26;212.41;479.40;76.370;1891.4
547;181;188;281.17;276.02;475.64;215.88;255.04;480.80;68.765;1703.0
548;181;194;281.17;276.02;475.64;234.81;333.78;501.51;78.444;1942.7
549;181;207;281.17;276.02;475.64;308.33;311.53;527.90;68.774;1703.3
550;182;186;284.83;404.46;474.71;224.91;460.23;480.46;82.056;2032.2
551;182;187;284.83;404.46;474.71;361.10;409.02;475.39;76.405;1892.2
552;182;196;284.83;404.46;474.71;319.41;462.25;500.75;72.202;1788.2
553;182;204;284.83;404.46;474.71;226.42;403.10;523.61;76.188;1886.9
554;182;208;284.83;404.46;474.71;324.97;385.29;532.38;72.825;1803.6
555;183;185;433.05;365.81;474.38;436.86;434.14;473.76;68.446;1695.1
556;183;203;433.05;365.81;474.38;374.59;327.83;516.26;81.324;2014.1
557;183;210;433.05;365.81;474.38;432.87;358.89;543.40;69.365;1717.9
558;184;198;323.26;212.41;479.40;362.06;259.82;505.38;66.546;1648.1
559;185;197;436.86;434.14;473.76;389.62;473.42;506.15;69.453;1720.1
560;185;209;436.86;434.14;473.76;451.04;439.18;543.87;71.703;1775.8
561;186;204;224.91;460.23;480.46;226.42;403.10;523.61;71.603;1773.3
562;187;196;361.10;409.02;475.39;319.41;462.25;500.75;72.213;1788.4
563;187;197;361.10;409.02;475.39;389.62;473.42;506.15;76.864;1903.6
564;187;208;361.10;409.02;475.39;324.97;385.29;532.38;71.529;1771.5
565;187;213;361.10;409.02;475.39;387.73;410.98;537.33;67.455;1670.6
566;188;200;215.88;255.04;480.80;156.75;260.07;517.31;69.680;1725.7
567;188;212;215.88;255.04;480.80;219.25;278.28;544.26;67.668;1675.9
568;189;190;129.25;122.73;469.61;193.88;105.99;480.95;67.717;1677.1
569;189;202;129.25;122.73;469.61;105.78;162.86;518.38;67.378;1668.7
570;190;199;193.88;105.99;480.95;237.84;166.11;508.23;79.309;1964.2
571;191;195;163.74;394.20;497.43;145.27;326.61;501.35;70.182;1738.1
572;191;204;163.74;394.20;497.43;226.42;403.10;523.61;68.504;1696.6
573;192;193;464.51;138.75;493.88;402.75;177.21;496.86;72.815;1803.3
574;192;215;464.51;138.75;493.88;473.96;162.24;559.35;70.200;1738.6
575;194;204;234.81;333.78;501.51;226.42;403.10;523.61;73.243;1813.9
576;194;207;234.81;333.78;501.51;308.33;311.53;527.90;81.223;2011.6
577;194;212;234.81;333.78;501.51;219.25;278.28;544.26;71.765;1777.3
578;194;222;234.81;333.78;501.51;261.29;342.01;570.04;73.929;1830.9
579;195;200;145.27;326.61;501.35;156.75;260.07;517.31;69.378;1718.2
580;195;219;145.27;326.61;501.35;158.20;309.89;568.10;70.013;1733.9
581;196;197;319.41;462.25;500.75;389.62;473.42;506.15;71.303;1765.9
582;196;216;319.41;462.25;500.75;279.18;438.97;555.17;71.559;1772.2
583;196;217;319.41;462.25;500.75;313.30;499.99;560.63;71.043;1759.4
584;197;209;389.62;473.42;506.15;451.04;439.18;543.87;79.799;1976.3
585;197;213;389.62;473.42;506.15;387.73;410.98;537.33;69.816;1729.1
586;197;223;389.62;473.42;506.15;399.51;488.87;577.17;73.346;1816.5
587;198;203;362.06;259.82;505.38;374.59;327.83;516.26;70.008;1733.8
588;198;207;362.06;259.82;505.38;308.33;311.53;527.90;77.895;1929.2
589;198;211;362.06;259.82;505.38;418.15;279.20;546.60;72.258;1789.5
590;198;221;362.06;259.82;505.38;348.34;277.45;572.74;70.962;1757.5
591;199;205;237.84;166.11;508.23;292.88;117.63;523.47;74.911;1855.3
592;199;218;237.84;166.11;508.23;297.15;183.57;561.94;81.902;2028.4
593;199;220;237.84;166.11;508.23;224.32;201.23;571.44;73.566;1821.9
594;199;224;237.84;166.11;508.23;242.55;131.48;576.38;76.588;1896.8
595;200;206;156.75;260.07;517.31;84.02;256.07;527.09;73.493;1820.1
596;200;212;156.75;260.07;517.31;219.25;278.28;544.26;70.458;1745.0
597;200;219;156.75;260.07;517.31;158.20;309.89;568.10;71.155;1762.2
598;202;232;105.78;162.86;518.38;100.74;170.76;590.67;72.890;1805.2
599;203;207;374.59;327.83;516.26;308.33;311.53;527.90;69.214;1714.1
600;203;208;374.59;327.83;516.26;324.97;385.29;532.38;77.616;1922.2
601;203;210;374.59;327.83;516.26;432.87;358.89;543.40;71.404;1768.4
602;203;211;374.59;327.83;516.26;418.15;279.20;546.60;71.998;1783.1
603;203;221;374.59;327.83;516.26;348.34;277.45;572.74;80.106;1983.9
604;203;226;374.59;327.83;516.26;356.33;347.47;581.04;70.111;1736.4
605;204;216;226.42;403.10;523.61;279.18;438.97;555.17;71.186;1763.0
606;204;222;226.42;403.10;523.61;261.29;342.01;570.04;84.288;2087.5
607;204;230;226.42;403.10;523.61;229.41;401.57;593.47;69.947;1732.3
608;205;214;292.88;117.63;523.47;299.33;52.54;541.37;67.813;1679.5
609;205;218;292.88;117.63;523.47;297.15;183.57;561.94;76.461;1893.6
610;205;224;292.88;117.63;523.47;242.55;131.48;576.38;74.321;1840.6
611;205;233;292.88;117.63;523.47;322.05;120.94;598.70;80.753;1999.9
612;206;235;84.02;256.07;527.09;78.33;263.53;597.50;71.029;1759.1
613;207;208;308.33;311.53;527.90;324.97;385.29;532.38;75.750;1876.0
614;207;221;308.33;311.53;527.90;348.34;277.45;572.74;69.076;1710.7
615;207;222;308.33;311.53;527.90;261.29;342.01;570.04;70.124;1736.7
616;207;226;308.33;311.53;527.90;356.33;347.47;581.04;80.115;1984.1
617;208;213;324.97;385.29;532.38;387.73;410.98;537.33;68.002;1684.1
618;208;216;324.97;385.29;532.38;279.18;438.97;555.17;74.139;1836.1
619;208;226;324.97;385.29;532.38;356.33;347.47;581.04;69.149;1712.5
620;208;229;324.97;385.29;532.38;348.71;439.98;583.46;78.512;1944.4
621;208;236;324.97;385.29;532.38;297.55;391.99;602.76;75.831;1878.0
622;209;210;451.04;439.18;543.87;432.87;358.89;543.40;82.320;2038.7
623;209;213;451.04;439.18;543.87;387.73;410.98;537.33;69.612;1724.0
624;209;223;451.04;439.18;543.87;399.51;488.87;577.17;78.957;1955.4
625;209;234;451.04;439.18;543.87;418.20;402.92;597.70;72.741;1801.5
626;209;240;451.04;439.18;543.87;453.66;460.96;615.40;74.822;1853.0
627;210;213;432.87;358.89;543.40;387.73;410.98;537.33;69.194;1713.7
628;210;228;432.87;358.89;543.40;503.49;367.85;579.97;80.030;1982.0
629;210;234;432.87;358.89;543.40;418.20;402.92;597.70;71.432;1769.1
630;211;221;418.15;279.20;546.60;348.34;277.45;572.74;74.568;1846.7
631;211;237;418.15;279.20;546.60;449.55;308.79;612.61;78.850;1952.8
632;212;219;219.25;278.28;544.26;158.20;309.89;568.10;72.767;1802.2
633;213;229;387.73;410.98;537.33;348.71;439.98;583.46;67.027;1660.0
634;213;234;387.73;410.98;537.33;418.20;402.92;597.70;68.103;1686.6
635;214;227;299.33;52.54;541.37;238.58;61.05;581.78;73.456;1819.2
636;215;244;473.96;162.24;559.35;491.00;192.17;620.03;69.767;1727.8
637;215;247;473.96;162.24;559.35;456.09;122.23;622.46;76.829;1902.7
638;216;217;279.18;438.97;555.17;313.30;499.99;560.63;70.120;1736.6
639;216;229;279.18;438.97;555.17;348.71;439.98;583.46;75.068;1859.1
640;216;230;279.18;438.97;555.17;229.41;401.57;593.47;73.103;1810.5
641;216;236;279.18;438.97;555.17;297.55;391.99;602.76;69.356;1717.7
642;217;229;313.30;499.99;560.63;348.71;439.98;583.46;73.316;1815.7
643;217;245;313.30;499.99;560.63;348.71;517.65;622.18;73.167;1812.1
644;218;220;297.15;183.57;561.94;224.32;201.23;571.44;75.538;1870.8
645;218;224;297.15;183.57;561.94;242.55;131.48;576.38;76.838;1903.0
646;218;233;297.15;183.57;561.94;322.05;120.94;598.70;76.776;1901.4
647;218;250;297.15;183.57;561.94;272.04;204.35;629.74;75.225;1863.0
648;219;231;158.20;309.89;568.10;164.34;378.55;590.94;72.621;1798.5
649;219;246;158.20;309.89;568.10;192.51;286.96;624.11;69.569;1723.0
650;220;224;224.32;201.23;571.44;242.55;131.48;576.38;72.262;1789.6
651;220;250;224.32;201.23;571.44;272.04;204.35;629.74;75.408;1867.5
652;220;251;224.32;201.23;571.44;213.62;149.87;638.06;84.796;2100.0
653;220;252;224.32;201.23;571.44;202.72;219.19;640.78;74.817;1852.9
654;221;226;348.34;277.45;572.74;356.33;347.47;581.04;70.959;1757.4
655;221;249;348.34;277.45;572.74;343.34;232.76;624.68;68.709;1701.6
656;222;230;261.29;342.01;570.04;229.41;401.57;593.47;71.511;1771.0
657;222;236;261.29;342.01;570.04;297.55;391.99;602.76;69.883;1730.7
658;223;229;399.51;488.87;577.17;348.71;439.98;583.46;70.782;1753.0
659;223;240;399.51;488.87;577.17;453.66;460.96;615.40;71.929;1781.4
660;223;245;399.51;488.87;577.17;348.71;517.65;622.18;73.720;1825.8
661;223;254;399.51;488.87;577.17;388.44;446.46;644.98;80.748;1999.8
662;224;227;242.55;131.48;576.38;238.58;61.05;581.78;70.748;1752.1
663;224;251;242.55;131.48;576.38;213.62;149.87;638.06;70.568;1747.7
664;225;243;197.27;488.90;577.72;249.35;517.25;619.15;72.334;1791.4
665;226;236;356.33;347.47;581.04;297.55;391.99;602.76;76.870;1903.8
666;226;255;356.33;347.47;581.04;370.66;373.27;645.53;70.924;1756.5
667;228;257;503.49;367.85;579.97;478.54;369.37;648.82;73.245;1814.0
668;229;234;348.71;439.98;583.46;418.20;402.92;597.70;80.038;1982.2
669;229;236;348.71;439.98;583.46;297.55;391.99;602.76;72.753;1801.8
670;229;254;348.71;439.98;583.46;388.44;446.46;644.98;73.522;1820.9
671;229;256;348.71;439.98;583.46;317.00;443.55;647.80;71.810;1778.5
672;230;231;229.41;401.57;593.47;164.34;378.55;590.94;69.064;1710.4
673;230;236;229.41;401.57;593.47;297.55;391.99;602.76;69.436;1719.7
674;230;258;229.41;401.57;593.47;235.76;357.52;652.52;73.943;1831.3
675;230;260;229.41;401.57;593.47;245.92;427.92;659.54;73.021;1808.4
676;231;261;164.34;378.55;590.94;131.64;413.62;655.61;80.509;1993.9
677;232;238;100.74;170.76;590.67;138.17;230.10;606.29;71.879;1780.2
678;232;259;100.74;170.76;590.67;84.40;207.05;654.32;75.077;1859.3
679;233;241;322.05;120.94;598.70;378.86;79.53;615.70;72.326;1791.2
680;234;240;418.20;402.92;597.70;453.66;460.96;615.40;70.274;1740.4
681;234;254;418.20;402.92;597.70;388.44;446.46;644.98;70.833;1754.3
682;234;255;418.20;402.92;597.70;370.66;373.27;645.53;73.663;1824.3
683;235;238;78.33;263.53;597.50;138.17;230.10;606.29;69.105;1711.5
684;235;259;78.33;263.53;597.50;84.40;207.05;654.32;80.347;1989.9
685;236;256;297.55;391.99;602.76;317.00;443.55;647.80;71.171;1762.6
686;237;242;449.55;308.79;612.61;521.63;275.70;615.06;79.349;1965.2
687;237;257;449.55;308.79;612.61;478.54;369.37;648.82;76.306;1889.8
688;238;246;138.17;230.10;606.29;192.51;286.96;624.11;80.640;1997.1
689;238;252;138.17;230.10;606.29;202.72;219.19;640.78;73.996;1832.6
690;238;259;138.17;230.10;606.29;84.40;207.05;654.32;75.703;1874.9
691;239;246;263.16;272.10;612.79;192.51;286.96;624.11;73.080;1809.9
692;239;250;263.16;272.10;612.79;272.04;204.35;629.74;70.408;1743.7
693;240;254;453.66;460.96;615.40;388.44;446.46;644.98;73.065;1809.5
694;241;266;378.86;79.53;615.70;338.87;73.47;682.47;78.064;1933.3
695;242;263;521.63;275.70;615.06;519.07;279.88;683.17;68.290;1691.3
696;243;269;249.35;517.25;619.15;269.61;493.77;684.52;72.355;1792.0
697;244;268;491.00;192.17;620.03;489.27;162.93;682.67;69.155;1712.7
698;245;277;348.71;517.65;622.18;359.86;493.10;686.50;69.745;1727.3
699;246;252;192.51;286.96;624.11;202.72;219.19;640.78;70.536;1746.9
700;246;276;192.51;286.96;624.11;232.41;294.02;685.58;73.630;1823.5
701;247;268;456.09;122.23;622.46;489.27;162.93;682.67;79.896;1978.7
702;248;249;406.91;200.32;623.70;343.34;232.76;624.68;71.375;1767.7
703;248;272;406.91;200.32;623.70;412.81;236.59;684.81;71.306;1766.0
704;248;274;406.91;200.32;623.70;420.46;166.33;685.62;71.921;1781.2
705;249;250;343.34;232.76;624.68;272.04;204.35;629.74;76.913;1904.8
706;249;275;343.34;232.76;624.68;292.17;237.30;685.19;79.373;1965.8
707;250;251;272.04;204.35;629.74;213.62;149.87;638.06;80.316;1989.1
708;250;252;272.04;204.35;629.74;202.72;219.19;640.78;71.750;1777.0
709;250;275;272.04;204.35;629.74;292.17;237.30;685.19;67.565;1673.3
710;251;252;213.62;149.87;638.06;202.72;219.19;640.78;70.223;1739.2
711;251;264;213.62;149.87;638.06;200.46;87.82;680.45;76.287;1889.3
712;251;267;213.62;149.87;638.06;262.47;122.82;682.29;71.234;1764.2
713;252;278;202.72;219.19;640.78;146.48;204.33;685.72;73.503;1820.4
714;253;264;141.73;104.76;644.18;200.46;87.82;680.45;71.073;1760.2
715;254;255;388.44;446.46;644.98;370.66;373.27;645.53;75.319;1865.3
716;254;256;388.44;446.46;644.98;317.00;443.55;647.80;71.552;1772.1
717;254;277;388.44;446.46;644.98;359.86;493.10;686.50;68.671;1700.7
718;254;280;388.44;446.46;644.98;423.60;395.92;686.42;74.215;1838.0
719;255;270;370.66;373.27;645.53;386.17;307.60;684.20;77.773;1926.1
720;255;279;370.66;373.27;645.53;312.07;366.23;685.88;71.498;1770.7
721;255;280;370.66;373.27;645.53;423.60;395.92;686.42;70.624;1749.1
722;256;260;317.00;443.55;647.80;245.92;427.92;659.54;73.720;1825.7
723;256;269;317.00;443.55;647.80;269.61;493.77;684.52;78.206;1936.9
724;256;277;317.00;443.55;647.80;359.86;493.10;686.50;76.087;1884.4
725;257;280;478.54;369.37;648.82;423.60;395.92;686.42;71.671;1775.0
726;258;260;235.76;357.52;652.52;245.92;427.92;659.54;71.478;1770.2
727;258;276;235.76;357.52;652.52;232.41;294.02;685.58;71.672;1775.0
728;258;281;235.76;357.52;652.52;179.80;373.44;688.30;68.306;1691.7
729;259;278;84.40;207.05;654.32;146.48;204.33;685.72;69.623;1724.3
730;260;269;245.92;427.92;659.54;269.61;493.77;684.52;74.311;1840.4
731;261;273;131.64;413.62;655.61;106.82;352.63;684.04;71.721;1776.2
732;261;281;131.64;413.62;655.61;179.80;373.44;688.30;70.729;1751.7
733;262;270;317.66;302.55;663.73;386.17;307.60;684.20;71.682;1775.3
734;262;275;317.66;302.55;663.73;292.17;237.30;685.19;73.259;1814.3
735;262;279;317.66;302.55;663.73;312.07;366.23;685.88;67.655;1675.5
736;264;267;200.46;87.82;680.45;262.47;122.82;682.29;71.227;1764.0
737;268;274;489.27;162.93;682.67;420.46;166.33;685.62;68.959;1707.8
738;270;272;386.17;307.60;684.20;412.81;236.59;684.81;75.849;1878.5
739;271;275;340.35;173.81;685.24;292.17;237.30;685.19;79.704;1974.0
740;272;274;412.81;236.59;684.81;420.46;166.33;685.62;70.675;1750.3
741;273;281;106.82;352.63;684.04;179.80;373.44;688.30;76.011;1882.5
